[2026-07-18 12:48:38] local.ERROR: Call to undefined function Illuminate\Support\mb_split() {"exception":"[object] (Error(code: 0): Call to undefined function Illuminate\\Support\\mb_split() at C:/Users/joshu/Desktop/FindNest/FindNest/findnest-backend/vendor/laravel/framework/src/Illuminate/Support/Str.php:1641)
[stacktrace]
#0 C:/Users/joshu/Desktop/FindNest/FindNest/findnest-backend/vendor/laravel/framework/src/Illuminate/Support/Manager.php(103): Illuminate/Support/Str::studly('file')
#1 C:/Users/joshu/Desktop/FindNest/FindNest/findnest-backend/vendor/laravel/framework/src/Illuminate/Support/Manager.php(80): Illuminate/Support/Manager->createDriver('file')
#2 C:/Users/joshu/Desktop/FindNest/FindNest/findnest-backend/vendor/laravel/framework/src/Illuminate/Foundation/Providers/FoundationServiceProvider.php(290): Illuminate/Support/Manager->driver()
#3 C:/Users/joshu/Desktop/FindNest/FindNest/findnest-backend/vendor/laravel/framework/src/Illuminate/Container/Container.php(952): Illuminate/Foundation/Providers/FoundationServiceProvider->Illuminate/Foundation/Providers/{closure}(Object(Illuminate/Foundation/Application), Array)
#4 C:/Users/joshu/Desktop/FindNest/FindNest/findnest-backend/vendor/laravel/framework/src/Illuminate/Container/Container.php(832): Illuminate/Container/Container->build(Object(Closure))
#5 C:/Users/joshu/Desktop/FindNest/FindNest/findnest-backend/vendor/laravel/framework/src/Illuminate/Foundation/Application.php(1078): Illuminate/Container/Container->resolve('Illuminate//Cont...', Array, true)
#6 C:/Users/joshu/Desktop/FindNest/FindNest/findnest-backend/vendor/laravel/framework/src/Illuminate/Container/Container.php(763): Illuminate/Foundation/Application->resolve('Illuminate//Cont...', Array)
#7 C:/Users/joshu/Desktop/FindNest/FindNest/findnest-backend/vendor/laravel/framework/src/Illuminate/Foundation/Application.php(1058): Illuminate/Container/Container->make('Illuminate//Cont...', Array)
#8 C:/Users/joshu/Desktop/FindNest/FindNest/findnest-backend/vendor/laravel/framework/src/Illuminate/Foundation/Application.php(1396): Illuminate/Foundation/Application->make('Illuminate//Cont...')
#9 C:/Users/joshu/Desktop/FindNest/FindNest/findnest-backend/vendor/laravel/framework/src/Illuminate/Foundation/Http/Middleware/PreventRequestsDuringMaintenance.php(65): Illuminate/Foundation/Application->maintenanceMode()
#10 C:/Users/joshu/Desktop/FindNest/FindNest/findnest-backend/vendor/laravel/framework/src/Illuminate/Pipeline/Pipeline.php(209): Illuminate/Foundation/Http/Middleware/PreventRequestsDuringMaintenance->handle(Object(Illuminate/Http/Request), Object(Closure))
#11 C:/Users/joshu/Desktop/FindNest/FindNest/findnest-backend/vendor/laravel/framework/src/Illuminate/Http/Middleware/HandleCors.php(49): Illuminate/Pipeline/Pipeline->Illuminate/Pipeline/{closure}(Object(Illuminate/Http/Request))
#12 C:/Users/joshu/Desktop/FindNest/FindNest/findnest-backend/vendor/laravel/framework/src/Illuminate/Pipeline/Pipeline.php(209): Illuminate/Http/Middleware/HandleCors->handle(Object(Illuminate/Http/Request), Object(Closure))
#13 C:/Users/joshu/Desktop/FindNest/FindNest/findnest-backend/vendor/laravel/framework/src/Illuminate/Http/Middleware/TrustProxies.php(58): Illuminate/Pipeline/Pipeline->Illuminate/Pipeline/{closure}(Object(Illuminate/Http/Request))
#14 C:/Users/joshu/Desktop/FindNest/FindNest/findnest-backend/vendor/laravel/framework/src/Illuminate/Pipeline/Pipeline.php(209): Illuminate/Http/Middleware/TrustProxies->handle(Object(Illuminate/Http/Request), Object(Closure))
#15 C:/Users/joshu/Desktop/FindNest/FindNest/findnest-backend/vendor/laravel/framework/src/Illuminate/Foundation/Http/Middleware/InvokeDeferredCallbacks.php(22): Illuminate/Pipeline/Pipeline->Illuminate/Pipeline/{closure}(Object(Illuminate/Http/Request))
#16 C:/Users/joshu/Desktop/FindNest/FindNest/findnest-backend/vendor/laravel/framework/src/Illuminate/Pipeline/Pipeline.php(209): Illuminate/Foundation/Http/Middleware/InvokeDeferredCallbacks->handle(Object(Illuminate/Http/Request), Object(Closure))
#17 C:/Users/joshu/Desktop/FindNest/FindNest/findnest-backend/vendor/laravel/framework/src/Illuminate/Pipeline/Pipeline.php(127): Illuminate/Pipeline/Pipeline->Illuminate/Pipeline/{closure}(Object(Illuminate/Http/Request))
#18 C:/Users/joshu/Desktop/FindNest/FindNest/findnest-backend/vendor/laravel/framework/src/Illuminate/Foundation/Http/Kernel.php(176): Illuminate/Pipeline/Pipeline->then(Object(Closure))
#19 C:/Users/joshu/Desktop/FindNest/FindNest/findnest-backend/vendor/laravel/framework/src/Illuminate/Foundation/Http/Kernel.php(145): Illuminate/Foundation/Http/Kernel->sendRequestThroughRouter(Object(Illuminate/Http/Request))
#20 C:/Users/joshu/Desktop/FindNest/FindNest/findnest-backend/vendor/laravel/framework/src/Illuminate/Foundation/Application.php(1220): Illuminate/Foundation/Http/Kernel->handle(Object(Illuminate/Http/Request))
#21 C:/Users/joshu/Desktop/FindNest/FindNest/findnest-backend/public/index.php(17): Illuminate/Foundation/Application->handleRequest(Object(Illuminate/Http/Request))
#22 C:/Users/joshu/Desktop/FindNest/FindNest/findnest-backend/vendor/laravel/framework/src/Illuminate/Foundation/resources/server.php(23): require_once('C://Users//joshu//...')
#23 {main}
"} 
[2026-07-18 12:50:57] local.ERROR: Call to undefined function Illuminate\Support\mb_split() {"exception":"[object] (Error(code: 0): Call to undefined function Illuminate\\Support\\mb_split() at C:/Users/joshu/Desktop/FindNest/FindNest/findnest-backend/vendor/laravel/framework/src/Illuminate/Support/Str.php:1641)
[stacktrace]
#0 C:/Users/joshu/Desktop/FindNest/FindNest/findnest-backend/vendor/laravel/framework/src/Illuminate/Support/Manager.php(103): Illuminate/Support/Str::studly('file')
#1 C:/Users/joshu/Desktop/FindNest/FindNest/findnest-backend/vendor/laravel/framework/src/Illuminate/Support/Manager.php(80): Illuminate/Support/Manager->createDriver('file')
#2 C:/Users/joshu/Desktop/FindNest/FindNest/findnest-backend/vendor/laravel/framework/src/Illuminate/Foundation/Providers/FoundationServiceProvider.php(290): Illuminate/Support/Manager->driver()
#3 C:/Users/joshu/Desktop/FindNest/FindNest/findnest-backend/vendor/laravel/framework/src/Illuminate/Container/Container.php(952): Illuminate/Foundation/Providers/FoundationServiceProvider->Illuminate/Foundation/Providers/{closure}(Object(Illuminate/Foundation/Application), Array)
#4 C:/Users/joshu/Desktop/FindNest/FindNest/findnest-backend/vendor/laravel/framework/src/Illuminate/Container/Container.php(832): Illuminate/Container/Container->build(Object(Closure))
#5 C:/Users/joshu/Desktop/FindNest/FindNest/findnest-backend/vendor/laravel/framework/src/Illuminate/Foundation/Application.php(1078): Illuminate/Container/Container->resolve('Illuminate//Cont...', Array, true)
#6 C:/Users/joshu/Desktop/FindNest/FindNest/findnest-backend/vendor/laravel/framework/src/Illuminate/Container/Container.php(763): Illuminate/Foundation/Application->resolve('Illuminate//Cont...', Array)
#7 C:/Users/joshu/Desktop/FindNest/FindNest/findnest-backend/vendor/laravel/framework/src/Illuminate/Foundation/Application.php(1058): Illuminate/Container/Container->make('Illuminate//Cont...', Array)
#8 C:/Users/joshu/Desktop/FindNest/FindNest/findnest-backend/vendor/laravel/framework/src/Illuminate/Foundation/Application.php(1396): Illuminate/Foundation/Application->make('Illuminate//Cont...')
#9 C:/Users/joshu/Desktop/FindNest/FindNest/findnest-backend/vendor/laravel/framework/src/Illuminate/Foundation/Http/Middleware/PreventRequestsDuringMaintenance.php(65): Illuminate/Foundation/Application->maintenanceMode()
#10 C:/Users/joshu/Desktop/FindNest/FindNest/findnest-backend/vendor/laravel/framework/src/Illuminate/Pipeline/Pipeline.php(209): Illuminate/Foundation/Http/Middleware/PreventRequestsDuringMaintenance->handle(Object(Illuminate/Http/Request), Object(Closure))
#11 C:/Users/joshu/Desktop/FindNest/FindNest/findnest-backend/vendor/laravel/framework/src/Illuminate/Http/Middleware/HandleCors.php(49): Illuminate/Pipeline/Pipeline->Illuminate/Pipeline/{closure}(Object(Illuminate/Http/Request))
#12 C:/Users/joshu/Desktop/FindNest/FindNest/findnest-backend/vendor/laravel/framework/src/Illuminate/Pipeline/Pipeline.php(209): Illuminate/Http/Middleware/HandleCors->handle(Object(Illuminate/Http/Request), Object(Closure))
#13 C:/Users/joshu/Desktop/FindNest/FindNest/findnest-backend/vendor/laravel/framework/src/Illuminate/Http/Middleware/TrustProxies.php(58): Illuminate/Pipeline/Pipeline->Illuminate/Pipeline/{closure}(Object(Illuminate/Http/Request))
#14 C:/Users/joshu/Desktop/FindNest/FindNest/findnest-backend/vendor/laravel/framework/src/Illuminate/Pipeline/Pipeline.php(209): Illuminate/Http/Middleware/TrustProxies->handle(Object(Illuminate/Http/Request), Object(Closure))
#15 C:/Users/joshu/Desktop/FindNest/FindNest/findnest-backend/vendor/laravel/framework/src/Illuminate/Foundation/Http/Middleware/InvokeDeferredCallbacks.php(22): Illuminate/Pipeline/Pipeline->Illuminate/Pipeline/{closure}(Object(Illuminate/Http/Request))
#16 C:/Users/joshu/Desktop/FindNest/FindNest/findnest-backend/vendor/laravel/framework/src/Illuminate/Pipeline/Pipeline.php(209): Illuminate/Foundation/Http/Middleware/InvokeDeferredCallbacks->handle(Object(Illuminate/Http/Request), Object(Closure))
#17 C:/Users/joshu/Desktop/FindNest/FindNest/findnest-backend/vendor/laravel/framework/src/Illuminate/Pipeline/Pipeline.php(127): Illuminate/Pipeline/Pipeline->Illuminate/Pipeline/{closure}(Object(Illuminate/Http/Request))
#18 C:/Users/joshu/Desktop/FindNest/FindNest/findnest-backend/vendor/laravel/framework/src/Illuminate/Foundation/Http/Kernel.php(176): Illuminate/Pipeline/Pipeline->then(Object(Closure))
#19 C:/Users/joshu/Desktop/FindNest/FindNest/findnest-backend/vendor/laravel/framework/src/Illuminate/Foundation/Http/Kernel.php(145): Illuminate/Foundation/Http/Kernel->sendRequestThroughRouter(Object(Illuminate/Http/Request))
#20 C:/Users/joshu/Desktop/FindNest/FindNest/findnest-backend/vendor/laravel/framework/src/Illuminate/Foundation/Application.php(1220): Illuminate/Foundation/Http/Kernel->handle(Object(Illuminate/Http/Request))
#21 C:/Users/joshu/Desktop/FindNest/FindNest/findnest-backend/public/index.php(17): Illuminate/Foundation/Application->handleRequest(Object(Illuminate/Http/Request))
#22 C:/Users/joshu/Desktop/FindNest/FindNest/findnest-backend/vendor/laravel/framework/src/Illuminate/Foundation/resources/server.php(23): require_once('C://Users//joshu//...')
#23 {main}
"} 
[2026-07-18 12:56:01] local.ERROR: Call to undefined function Illuminate\Support\mb_split() {"exception":"[object] (Error(code: 0): Call to undefined function Illuminate\\Support\\mb_split() at C:/Users/joshu/Desktop/FindNest/FindNest/findnest-backend/vendor/laravel/framework/src/Illuminate/Support/Str.php:1641)
[stacktrace]
#0 C:/Users/joshu/Desktop/FindNest/FindNest/findnest-backend/vendor/laravel/framework/src/Illuminate/Support/Manager.php(103): Illuminate/Support/Str::studly('file')
#1 C:/Users/joshu/Desktop/FindNest/FindNest/findnest-backend/vendor/laravel/framework/src/Illuminate/Support/Manager.php(80): Illuminate/Support/Manager->createDriver('file')
#2 C:/Users/joshu/Desktop/FindNest/FindNest/findnest-backend/vendor/laravel/framework/src/Illuminate/Foundation/Providers/FoundationServiceProvider.php(290): Illuminate/Support/Manager->driver()
#3 C:/Users/joshu/Desktop/FindNest/FindNest/findnest-backend/vendor/laravel/framework/src/Illuminate/Container/Container.php(952): Illuminate/Foundation/Providers/FoundationServiceProvider->Illuminate/Foundation/Providers/{closure}(Object(Illuminate/Foundation/Application), Array)
#4 C:/Users/joshu/Desktop/FindNest/FindNest/findnest-backend/vendor/laravel/framework/src/Illuminate/Container/Container.php(832): Illuminate/Container/Container->build(Object(Closure))
#5 C:/Users/joshu/Desktop/FindNest/FindNest/findnest-backend/vendor/laravel/framework/src/Illuminate/Foundation/Application.php(1078): Illuminate/Container/Container->resolve('Illuminate//Cont...', Array, true)
#6 C:/Users/joshu/Desktop/FindNest/FindNest/findnest-backend/vendor/laravel/framework/src/Illuminate/Container/Container.php(763): Illuminate/Foundation/Application->resolve('Illuminate//Cont...', Array)
#7 C:/Users/joshu/Desktop/FindNest/FindNest/findnest-backend/vendor/laravel/framework/src/Illuminate/Foundation/Application.php(1058): Illuminate/Container/Container->make('Illuminate//Cont...', Array)
#8 C:/Users/joshu/Desktop/FindNest/FindNest/findnest-backend/vendor/laravel/framework/src/Illuminate/Foundation/Application.php(1396): Illuminate/Foundation/Application->make('Illuminate//Cont...')
#9 C:/Users/joshu/Desktop/FindNest/FindNest/findnest-backend/vendor/laravel/framework/src/Illuminate/Foundation/Http/Middleware/PreventRequestsDuringMaintenance.php(65): Illuminate/Foundation/Application->maintenanceMode()
#10 C:/Users/joshu/Desktop/FindNest/FindNest/findnest-backend/vendor/laravel/framework/src/Illuminate/Pipeline/Pipeline.php(209): Illuminate/Foundation/Http/Middleware/PreventRequestsDuringMaintenance->handle(Object(Illuminate/Http/Request), Object(Closure))
#11 C:/Users/joshu/Desktop/FindNest/FindNest/findnest-backend/vendor/laravel/framework/src/Illuminate/Http/Middleware/HandleCors.php(49): Illuminate/Pipeline/Pipeline->Illuminate/Pipeline/{closure}(Object(Illuminate/Http/Request))
#12 C:/Users/joshu/Desktop/FindNest/FindNest/findnest-backend/vendor/laravel/framework/src/Illuminate/Pipeline/Pipeline.php(209): Illuminate/Http/Middleware/HandleCors->handle(Object(Illuminate/Http/Request), Object(Closure))
#13 C:/Users/joshu/Desktop/FindNest/FindNest/findnest-backend/vendor/laravel/framework/src/Illuminate/Http/Middleware/TrustProxies.php(58): Illuminate/Pipeline/Pipeline->Illuminate/Pipeline/{closure}(Object(Illuminate/Http/Request))
#14 C:/Users/joshu/Desktop/FindNest/FindNest/findnest-backend/vendor/laravel/framework/src/Illuminate/Pipeline/Pipeline.php(209): Illuminate/Http/Middleware/TrustProxies->handle(Object(Illuminate/Http/Request), Object(Closure))
#15 C:/Users/joshu/Desktop/FindNest/FindNest/findnest-backend/vendor/laravel/framework/src/Illuminate/Foundation/Http/Middleware/InvokeDeferredCallbacks.php(22): Illuminate/Pipeline/Pipeline->Illuminate/Pipeline/{closure}(Object(Illuminate/Http/Request))
#16 C:/Users/joshu/Desktop/FindNest/FindNest/findnest-backend/vendor/laravel/framework/src/Illuminate/Pipeline/Pipeline.php(209): Illuminate/Foundation/Http/Middleware/InvokeDeferredCallbacks->handle(Object(Illuminate/Http/Request), Object(Closure))
#17 C:/Users/joshu/Desktop/FindNest/FindNest/findnest-backend/vendor/laravel/framework/src/Illuminate/Pipeline/Pipeline.php(127): Illuminate/Pipeline/Pipeline->Illuminate/Pipeline/{closure}(Object(Illuminate/Http/Request))
#18 C:/Users/joshu/Desktop/FindNest/FindNest/findnest-backend/vendor/laravel/framework/src/Illuminate/Foundation/Http/Kernel.php(176): Illuminate/Pipeline/Pipeline->then(Object(Closure))
#19 C:/Users/joshu/Desktop/FindNest/FindNest/findnest-backend/vendor/laravel/framework/src/Illuminate/Foundation/Http/Kernel.php(145): Illuminate/Foundation/Http/Kernel->sendRequestThroughRouter(Object(Illuminate/Http/Request))
#20 C:/Users/joshu/Desktop/FindNest/FindNest/findnest-backend/vendor/laravel/framework/src/Illuminate/Foundation/Application.php(1220): Illuminate/Foundation/Http/Kernel->handle(Object(Illuminate/Http/Request))
#21 C:/Users/joshu/Desktop/FindNest/FindNest/findnest-backend/public/index.php(17): Illuminate/Foundation/Application->handleRequest(Object(Illuminate/Http/Request))
#22 C:/Users/joshu/Desktop/FindNest/FindNest/findnest-backend/vendor/laravel/framework/src/Illuminate/Foundation/resources/server.php(23): require_once('C://Users//joshu//...')
#23 {main}
"} 
[2026-07-18 12:57:40] local.ERROR: Database file at path [C:\Users\joshu\Desktop\FindNest\FindNest\findnest-backend\database\database.sqlite] does not exist. Ensure this is an absolute path to the database. (Connection: sqlite, SQL: select * from "sessions" where "id" = USECPozzM2d8N1mhyILZEjLsvf2v9mIU5LvgN5yR limit 1) {"exception":"[object] (Illuminate\\Database\\QueryException(code: 0): Database file at path [C:\\Users\\joshu\\Desktop\\FindNest\\FindNest\\findnest-backend\\database\\database.sqlite] does not exist. Ensure this is an absolute path to the database. (Connection: sqlite, SQL: select * from \"sessions\" where \"id\" = USECPozzM2d8N1mhyILZEjLsvf2v9mIU5LvgN5yR limit 1) at C:/Users/joshu/Desktop/FindNest/FindNest/findnest-backend/vendor/laravel/framework/src/Illuminate/Database/Connection.php:825)
[stacktrace]
#0 C:/Users/joshu/Desktop/FindNest/FindNest/findnest-backend/vendor/laravel/framework/src/Illuminate/Database/Connection.php(779): Illuminate/Database/Connection->runQueryCallback('select * from \"...', Array, Object(Closure))
#1 C:/Users/joshu/Desktop/FindNest/FindNest/findnest-backend/vendor/laravel/framework/src/Illuminate/Database/Connection.php(398): Illuminate/Database/Connection->run('select * from \"...', Array, Object(Closure))
#2 C:/Users/joshu/Desktop/FindNest/FindNest/findnest-backend/vendor/laravel/framework/src/Illuminate/Database/Query/Builder.php(3106): Illuminate/Database/Connection->select('select * from \"...', Array, false)
#3 C:/Users/joshu/Desktop/FindNest/FindNest/findnest-backend/vendor/laravel/framework/src/Illuminate/Database/Query/Builder.php(3091): Illuminate/Database/Query/Builder->runSelect()
#4 C:/Users/joshu/Desktop/FindNest/FindNest/findnest-backend/vendor/laravel/framework/src/Illuminate/Database/Query/Builder.php(3676): Illuminate/Database/Query/Builder->Illuminate/Database/Query/{closure}()
#5 C:/Users/joshu/Desktop/FindNest/FindNest/findnest-backend/vendor/laravel/framework/src/Illuminate/Database/Query/Builder.php(3090): Illuminate/Database/Query/Builder->onceWithColumns(Array, Object(Closure))
#6 C:/Users/joshu/Desktop/FindNest/FindNest/findnest-backend/vendor/laravel/framework/src/Illuminate/Database/Concerns/BuildsQueries.php(343): Illuminate/Database/Query/Builder->get(Array)
#7 C:/Users/joshu/Desktop/FindNest/FindNest/findnest-backend/vendor/laravel/framework/src/Illuminate/Database/Query/Builder.php(3013): Illuminate/Database/Query/Builder->first(Array)
#8 C:/Users/joshu/Desktop/FindNest/FindNest/findnest-backend/vendor/laravel/framework/src/Illuminate/Session/DatabaseSessionHandler.php(97): Illuminate/Database/Query/Builder->find('USECPozzM2d8N1m...')
#9 C:/Users/joshu/Desktop/FindNest/FindNest/findnest-backend/vendor/laravel/framework/src/Illuminate/Session/Store.php(117): Illuminate/Session/DatabaseSessionHandler->read('USECPozzM2d8N1m...')
#10 C:/Users/joshu/Desktop/FindNest/FindNest/findnest-backend/vendor/laravel/framework/src/Illuminate/Session/Store.php(105): Illuminate/Session/Store->readFromHandler()
#11 C:/Users/joshu/Desktop/FindNest/FindNest/findnest-backend/vendor/laravel/framework/src/Illuminate/Session/Store.php(89): Illuminate/Session/Store->loadSession()
#12 C:/Users/joshu/Desktop/FindNest/FindNest/findnest-backend/vendor/laravel/framework/src/Illuminate/Session/Middleware/StartSession.php(147): Illuminate/Session/Store->start()
#13 C:/Users/joshu/Desktop/FindNest/FindNest/findnest-backend/vendor/laravel/framework/src/Illuminate/Support/helpers.php(399): Illuminate/Session/Middleware/StartSession->Illuminate/Session/Middleware/{closure}(Object(Illuminate/Session/Store))
#14 C:/Users/joshu/Desktop/FindNest/FindNest/findnest-backend/vendor/laravel/framework/src/Illuminate/Session/Middleware/StartSession.php(144): tap(Object(Illuminate/Session/Store), Object(Closure))
#15 C:/Users/joshu/Desktop/FindNest/FindNest/findnest-backend/vendor/laravel/framework/src/Illuminate/Session/Middleware/StartSession.php(116): Illuminate/Session/Middleware/StartSession->startSession(Object(Illuminate/Http/Request), Object(Illuminate/Session/Store))
#16 C:/Users/joshu/Desktop/FindNest/FindNest/findnest-backend/vendor/laravel/framework/src/Illuminate/Session/Middleware/StartSession.php(64): Illuminate/Session/Middleware/StartSession->handleStatefulRequest(Object(Illuminate/Http/Request), Object(Illuminate/Session/Store), Object(Closure))
#17 C:/Users/joshu/Desktop/FindNest/FindNest/findnest-backend/vendor/laravel/framework/src/Illuminate/Pipeline/Pipeline.php(209): Illuminate/Session/Middleware/StartSession->handle(Object(Illuminate/Http/Request), Object(Closure))
#18 C:/Users/joshu/Desktop/FindNest/FindNest/findnest-backend/vendor/laravel/framework/src/Illuminate/Cookie/Middleware/AddQueuedCookiesToResponse.php(37): Illuminate/Pipeline/Pipeline->Illuminate/Pipeline/{closure}(Object(Illuminate/Http/Request))
#19 C:/Users/joshu/Desktop/FindNest/FindNest/findnest-backend/vendor/laravel/framework/src/Illuminate/Pipeline/Pipeline.php(209): Illuminate/Cookie/Middleware/AddQueuedCookiesToResponse->handle(Object(Illuminate/Http/Request), Object(Closure))
#20 C:/Users/joshu/Desktop/FindNest/FindNest/findnest-backend/vendor/laravel/framework/src/Illuminate/Cookie/Middleware/EncryptCookies.php(75): Illuminate/Pipeline/Pipeline->Illuminate/Pipeline/{closure}(Object(Illuminate/Http/Request))
#21 C:/Users/joshu/Desktop/FindNest/FindNest/findnest-backend/vendor/laravel/framework/src/Illuminate/Pipeline/Pipeline.php(209): Illuminate/Cookie/Middleware/EncryptCookies->handle(Object(Illuminate/Http/Request), Object(Closure))
#22 C:/Users/joshu/Desktop/FindNest/FindNest/findnest-backend/vendor/laravel/framework/src/Illuminate/Pipeline/Pipeline.php(127): Illuminate/Pipeline/Pipeline->Illuminate/Pipeline/{closure}(Object(Illuminate/Http/Request))
#23 C:/Users/joshu/Desktop/FindNest/FindNest/findnest-backend/vendor/laravel/framework/src/Illuminate/Routing/Router.php(807): Illuminate/Pipeline/Pipeline->then(Object(Closure))
#24 C:/Users/joshu/Desktop/FindNest/FindNest/findnest-backend/vendor/laravel/framework/src/Illuminate/Routing/Router.php(786): Illuminate/Routing/Router->runRouteWithinStack(Object(Illuminate/Routing/Route), Object(Illuminate/Http/Request))
#25 C:/Users/joshu/Desktop/FindNest/FindNest/findnest-backend/vendor/laravel/framework/src/Illuminate/Routing/Router.php(750): Illuminate/Routing/Router->runRoute(Object(Illuminate/Http/Request), Object(Illuminate/Routing/Route))
#26 C:/Users/joshu/Desktop/FindNest/FindNest/findnest-backend/vendor/laravel/framework/src/Illuminate/Routing/Router.php(739): Illuminate/Routing/Router->dispatchToRoute(Object(Illuminate/Http/Request))
#27 C:/Users/joshu/Desktop/FindNest/FindNest/findnest-backend/vendor/laravel/framework/src/Illuminate/Foundation/Http/Kernel.php(201): Illuminate/Routing/Router->dispatch(Object(Illuminate/Http/Request))
#28 C:/Users/joshu/Desktop/FindNest/FindNest/findnest-backend/vendor/laravel/framework/src/Illuminate/Pipeline/Pipeline.php(170): Illuminate/Foundation/Http/Kernel->Illuminate/Foundation/Http/{closure}(Object(Illuminate/Http/Request))
#29 C:/Users/joshu/Desktop/FindNest/FindNest/findnest-backend/vendor/laravel/framework/src/Illuminate/Foundation/Http/Middleware/TransformsRequest.php(21): Illuminate/Pipeline/Pipeline->Illuminate/Pipeline/{closure}(Object(Illuminate/Http/Request))
#30 C:/Users/joshu/Desktop/FindNest/FindNest/findnest-backend/vendor/laravel/framework/src/Illuminate/Foundation/Http/Middleware/ConvertEmptyStringsToNull.php(31): Illuminate/Foundation/Http/Middleware/TransformsRequest->handle(Object(Illuminate/Http/Request), Object(Closure))
#31 C:/Users/joshu/Desktop/FindNest/FindNest/findnest-backend/vendor/laravel/framework/src/Illuminate/Pipeline/Pipeline.php(209): Illuminate/Foundation/Http/Middleware/ConvertEmptyStringsToNull->handle(Object(Illuminate/Http/Request), Object(Closure))
#32 C:/Users/joshu/Desktop/FindNest/FindNest/findnest-backend/vendor/laravel/framework/src/Illuminate/Foundation/Http/Middleware/TransformsRequest.php(21): Illuminate/Pipeline/Pipeline->Illuminate/Pipeline/{closure}(Object(Illuminate/Http/Request))
#33 C:/Users/joshu/Desktop/FindNest/FindNest/findnest-backend/vendor/laravel/framework/src/Illuminate/Foundation/Http/Middleware/TrimStrings.php(51): Illuminate/Foundation/Http/Middleware/TransformsRequest->handle(Object(Illuminate/Http/Request), Object(Closure))
#34 C:/Users/joshu/Desktop/FindNest/FindNest/findnest-backend/vendor/laravel/framework/src/Illuminate/Pipeline/Pipeline.php(209): Illuminate/Foundation/Http/Middleware/TrimStrings->handle(Object(Illuminate/Http/Request), Object(Closure))
#35 C:/Users/joshu/Desktop/FindNest/FindNest/findnest-backend/vendor/laravel/framework/src/Illuminate/Http/Middleware/ValidatePostSize.php(27): Illuminate/Pipeline/Pipeline->Illuminate/Pipeline/{closure}(Object(Illuminate/Http/Request))
#36 C:/Users/joshu/Desktop/FindNest/FindNest/findnest-backend/vendor/laravel/framework/src/Illuminate/Pipeline/Pipeline.php(209): Illuminate/Http/Middleware/ValidatePostSize->handle(Object(Illuminate/Http/Request), Object(Closure))
#37 C:/Users/joshu/Desktop/FindNest/FindNest/findnest-backend/vendor/laravel/framework/src/Illuminate/Foundation/Http/Middleware/PreventRequestsDuringMaintenance.php(110): Illuminate/Pipeline/Pipeline->Illuminate/Pipeline/{closure}(Object(Illuminate/Http/Request))
#38 C:/Users/joshu/Desktop/FindNest/FindNest/findnest-backend/vendor/laravel/framework/src/Illuminate/Pipeline/Pipeline.php(209): Illuminate/Foundation/Http/Middleware/PreventRequestsDuringMaintenance->handle(Object(Illuminate/Http/Request), Object(Closure))
#39 C:/Users/joshu/Desktop/FindNest/FindNest/findnest-backend/vendor/laravel/framework/src/Illuminate/Http/Middleware/HandleCors.php(49): Illuminate/Pipeline/Pipeline->Illuminate/Pipeline/{closure}(Object(Illuminate/Http/Request))
#40 C:/Users/joshu/Desktop/FindNest/FindNest/findnest-backend/vendor/laravel/framework/src/Illuminate/Pipeline/Pipeline.php(209): Illuminate/Http/Middleware/HandleCors->handle(Object(Illuminate/Http/Request), Object(Closure))
#41 C:/Users/joshu/Desktop/FindNest/FindNest/findnest-backend/vendor/laravel/framework/src/Illuminate/Http/Middleware/TrustProxies.php(58): Illuminate/Pipeline/Pipeline->Illuminate/Pipeline/{closure}(Object(Illuminate/Http/Request))
#42 C:/Users/joshu/Desktop/FindNest/FindNest/findnest-backend/vendor/laravel/framework/src/Illuminate/Pipeline/Pipeline.php(209): Illuminate/Http/Middleware/TrustProxies->handle(Object(Illuminate/Http/Request), Object(Closure))
#43 C:/Users/joshu/Desktop/FindNest/FindNest/findnest-backend/vendor/laravel/framework/src/Illuminate/Foundation/Http/Middleware/InvokeDeferredCallbacks.php(22): Illuminate/Pipeline/Pipeline->Illuminate/Pipeline/{closure}(Object(Illuminate/Http/Request))
#44 C:/Users/joshu/Desktop/FindNest/FindNest/findnest-backend/vendor/laravel/framework/src/Illuminate/Pipeline/Pipeline.php(209): Illuminate/Foundation/Http/Middleware/InvokeDeferredCallbacks->handle(Object(Illuminate/Http/Request), Object(Closure))
#45 C:/Users/joshu/Desktop/FindNest/FindNest/findnest-backend/vendor/laravel/framework/src/Illuminate/Pipeline/Pipeline.php(127): Illuminate/Pipeline/Pipeline->Illuminate/Pipeline/{closure}(Object(Illuminate/Http/Request))
#46 C:/Users/joshu/Desktop/FindNest/FindNest/findnest-backend/vendor/laravel/framework/src/Illuminate/Foundation/Http/Kernel.php(176): Illuminate/Pipeline/Pipeline->then(Object(Closure))
#47 C:/Users/joshu/Desktop/FindNest/FindNest/findnest-backend/vendor/laravel/framework/src/Illuminate/Foundation/Http/Kernel.php(145): Illuminate/Foundation/Http/Kernel->sendRequestThroughRouter(Object(Illuminate/Http/Request))
#48 C:/Users/joshu/Desktop/FindNest/FindNest/findnest-backend/vendor/laravel/framework/src/Illuminate/Foundation/Application.php(1220): Illuminate/Foundation/Http/Kernel->handle(Object(Illuminate/Http/Request))
#49 C:/Users/joshu/Desktop/FindNest/FindNest/findnest-backend/public/index.php(17): Illuminate/Foundation/Application->handleRequest(Object(Illuminate/Http/Request))
#50 C:/Users/joshu/Desktop/FindNest/FindNest/findnest-backend/vendor/laravel/framework/src/Illuminate/Foundation/resources/server.php(23): require_once('C://Users//joshu//...')
#51 {main}

[previous exception] [object] (Illuminate\\Database\\SQLiteDatabaseDoesNotExistException(code: 0): Database file at path [C:\\Users\\joshu\\Desktop\\FindNest\\FindNest\\findnest-backend\\database\\database.sqlite] does not exist. Ensure this is an absolute path to the database. at C:/Users/joshu/Desktop/FindNest/FindNest/findnest-backend/vendor/laravel/framework/src/Illuminate/Database/Connectors/SQLiteConnector.php:37)
[stacktrace]
#0 C:/Users/joshu/Desktop/FindNest/FindNest/findnest-backend/vendor/laravel/framework/src/Illuminate/Database/Connectors/ConnectionFactory.php(224): Illuminate/Database/Connectors/SQLiteConnector->connect(Array)
#1 [internal function]: Illuminate/Database/Connectors/ConnectionFactory->Illuminate/Database/Connectors/{closure}()
#2 C:/Users/joshu/Desktop/FindNest/FindNest/findnest-backend/vendor/laravel/framework/src/Illuminate/Database/Connection.php(1231): call_user_func(Object(Closure))
#3 C:/Users/joshu/Desktop/FindNest/FindNest/findnest-backend/vendor/laravel/framework/src/Illuminate/Database/Connection.php(512): Illuminate/Database/Connection->getPdo()
#4 C:/Users/joshu/Desktop/FindNest/FindNest/findnest-backend/vendor/laravel/framework/src/Illuminate/Database/Connection.php(407): Illuminate/Database/Connection->getPdoForSelect(false)
#5 C:/Users/joshu/Desktop/FindNest/FindNest/findnest-backend/vendor/laravel/framework/src/Illuminate/Database/Connection.php(812): Illuminate/Database/Connection->Illuminate/Database/{closure}('select * from \"...', Array)
#6 C:/Users/joshu/Desktop/FindNest/FindNest/findnest-backend/vendor/laravel/framework/src/Illuminate/Database/Connection.php(779): Illuminate/Database/Connection->runQueryCallback('select * from \"...', Array, Object(Closure))
#7 C:/Users/joshu/Desktop/FindNest/FindNest/findnest-backend/vendor/laravel/framework/src/Illuminate/Database/Connection.php(398): Illuminate/Database/Connection->run('select * from \"...', Array, Object(Closure))
#8 C:/Users/joshu/Desktop/FindNest/FindNest/findnest-backend/vendor/laravel/framework/src/Illuminate/Database/Query/Builder.php(3106): Illuminate/Database/Connection->select('select * from \"...', Array, false)
#9 C:/Users/joshu/Desktop/FindNest/FindNest/findnest-backend/vendor/laravel/framework/src/Illuminate/Database/Query/Builder.php(3091): Illuminate/Database/Query/Builder->runSelect()
#10 C:/Users/joshu/Desktop/FindNest/FindNest/findnest-backend/vendor/laravel/framework/src/Illuminate/Database/Query/Builder.php(3676): Illuminate/Database/Query/Builder->Illuminate/Database/Query/{closure}()
#11 C:/Users/joshu/Desktop/FindNest/FindNest/findnest-backend/vendor/laravel/framework/src/Illuminate/Database/Query/Builder.php(3090): Illuminate/Database/Query/Builder->onceWithColumns(Array, Object(Closure))
#12 C:/Users/joshu/Desktop/FindNest/FindNest/findnest-backend/vendor/laravel/framework/src/Illuminate/Database/Concerns/BuildsQueries.php(343): Illuminate/Database/Query/Builder->get(Array)
#13 C:/Users/joshu/Desktop/FindNest/FindNest/findnest-backend/vendor/laravel/framework/src/Illuminate/Database/Query/Builder.php(3013): Illuminate/Database/Query/Builder->first(Array)
#14 C:/Users/joshu/Desktop/FindNest/FindNest/findnest-backend/vendor/laravel/framework/src/Illuminate/Session/DatabaseSessionHandler.php(97): Illuminate/Database/Query/Builder->find('USECPozzM2d8N1m...')
#15 C:/Users/joshu/Desktop/FindNest/FindNest/findnest-backend/vendor/laravel/framework/src/Illuminate/Session/Store.php(117): Illuminate/Session/DatabaseSessionHandler->read('USECPozzM2d8N1m...')
#16 C:/Users/joshu/Desktop/FindNest/FindNest/findnest-backend/vendor/laravel/framework/src/Illuminate/Session/Store.php(105): Illuminate/Session/Store->readFromHandler()
#17 C:/Users/joshu/Desktop/FindNest/FindNest/findnest-backend/vendor/laravel/framework/src/Illuminate/Session/Store.php(89): Illuminate/Session/Store->loadSession()
#18 C:/Users/joshu/Desktop/FindNest/FindNest/findnest-backend/vendor/laravel/framework/src/Illuminate/Session/Middleware/StartSession.php(147): Illuminate/Session/Store->start()
#19 C:/Users/joshu/Desktop/FindNest/FindNest/findnest-backend/vendor/laravel/framework/src/Illuminate/Support/helpers.php(399): Illuminate/Session/Middleware/StartSession->Illuminate/Session/Middleware/{closure}(Object(Illuminate/Session/Store))
#20 C:/Users/joshu/Desktop/FindNest/FindNest/findnest-backend/vendor/laravel/framework/src/Illuminate/Session/Middleware/StartSession.php(144): tap(Object(Illuminate/Session/Store), Object(Closure))
#21 C:/Users/joshu/Desktop/FindNest/FindNest/findnest-backend/vendor/laravel/framework/src/Illuminate/Session/Middleware/StartSession.php(116): Illuminate/Session/Middleware/StartSession->startSession(Object(Illuminate/Http/Request), Object(Illuminate/Session/Store))
#22 C:/Users/joshu/Desktop/FindNest/FindNest/findnest-backend/vendor/laravel/framework/src/Illuminate/Session/Middleware/StartSession.php(64): Illuminate/Session/Middleware/StartSession->handleStatefulRequest(Object(Illuminate/Http/Request), Object(Illuminate/Session/Store), Object(Closure))
#23 C:/Users/joshu/Desktop/FindNest/FindNest/findnest-backend/vendor/laravel/framework/src/Illuminate/Pipeline/Pipeline.php(209): Illuminate/Session/Middleware/StartSession->handle(Object(Illuminate/Http/Request), Object(Closure))
#24 C:/Users/joshu/Desktop/FindNest/FindNest/findnest-backend/vendor/laravel/framework/src/Illuminate/Cookie/Middleware/AddQueuedCookiesToResponse.php(37): Illuminate/Pipeline/Pipeline->Illuminate/Pipeline/{closure}(Object(Illuminate/Http/Request))
#25 C:/Users/joshu/Desktop/FindNest/FindNest/findnest-backend/vendor/laravel/framework/src/Illuminate/Pipeline/Pipeline.php(209): Illuminate/Cookie/Middleware/AddQueuedCookiesToResponse->handle(Object(Illuminate/Http/Request), Object(Closure))
#26 C:/Users/joshu/Desktop/FindNest/FindNest/findnest-backend/vendor/laravel/framework/src/Illuminate/Cookie/Middleware/EncryptCookies.php(75): Illuminate/Pipeline/Pipeline->Illuminate/Pipeline/{closure}(Object(Illuminate/Http/Request))
#27 C:/Users/joshu/Desktop/FindNest/FindNest/findnest-backend/vendor/laravel/framework/src/Illuminate/Pipeline/Pipeline.php(209): Illuminate/Cookie/Middleware/EncryptCookies->handle(Object(Illuminate/Http/Request), Object(Closure))
#28 C:/Users/joshu/Desktop/FindNest/FindNest/findnest-backend/vendor/laravel/framework/src/Illuminate/Pipeline/Pipeline.php(127): Illuminate/Pipeline/Pipeline->Illuminate/Pipeline/{closure}(Object(Illuminate/Http/Request))
#29 C:/Users/joshu/Desktop/FindNest/FindNest/findnest-backend/vendor/laravel/framework/src/Illuminate/Routing/Router.php(807): Illuminate/Pipeline/Pipeline->then(Object(Closure))
#30 C:/Users/joshu/Desktop/FindNest/FindNest/findnest-backend/vendor/laravel/framework/src/Illuminate/Routing/Router.php(786): Illuminate/Routing/Router->runRouteWithinStack(Object(Illuminate/Routing/Route), Object(Illuminate/Http/Request))
#31 C:/Users/joshu/Desktop/FindNest/FindNest/findnest-backend/vendor/laravel/framework/src/Illuminate/Routing/Router.php(750): Illuminate/Routing/Router->runRoute(Object(Illuminate/Http/Request), Object(Illuminate/Routing/Route))
#32 C:/Users/joshu/Desktop/FindNest/FindNest/findnest-backend/vendor/laravel/framework/src/Illuminate/Routing/Router.php(739): Illuminate/Routing/Router->dispatchToRoute(Object(Illuminate/Http/Request))
#33 C:/Users/joshu/Desktop/FindNest/FindNest/findnest-backend/vendor/laravel/framework/src/Illuminate/Foundation/Http/Kernel.php(201): Illuminate/Routing/Router->dispatch(Object(Illuminate/Http/Request))
#34 C:/Users/joshu/Desktop/FindNest/FindNest/findnest-backend/vendor/laravel/framework/src/Illuminate/Pipeline/Pipeline.php(170): Illuminate/Foundation/Http/Kernel->Illuminate/Foundation/Http/{closure}(Object(Illuminate/Http/Request))
#35 C:/Users/joshu/Desktop/FindNest/FindNest/findnest-backend/vendor/laravel/framework/src/Illuminate/Foundation/Http/Middleware/TransformsRequest.php(21): Illuminate/Pipeline/Pipeline->Illuminate/Pipeline/{closure}(Object(Illuminate/Http/Request))
#36 C:/Users/joshu/Desktop/FindNest/FindNest/findnest-backend/vendor/laravel/framework/src/Illuminate/Foundation/Http/Middleware/ConvertEmptyStringsToNull.php(31): Illuminate/Foundation/Http/Middleware/TransformsRequest->handle(Object(Illuminate/Http/Request), Object(Closure))
#37 C:/Users/joshu/Desktop/FindNest/FindNest/findnest-backend/vendor/laravel/framework/src/Illuminate/Pipeline/Pipeline.php(209): Illuminate/Foundation/Http/Middleware/ConvertEmptyStringsToNull->handle(Object(Illuminate/Http/Request), Object(Closure))
#38 C:/Users/joshu/Desktop/FindNest/FindNest/findnest-backend/vendor/laravel/framework/src/Illuminate/Foundation/Http/Middleware/TransformsRequest.php(21): Illuminate/Pipeline/Pipeline->Illuminate/Pipeline/{closure}(Object(Illuminate/Http/Request))
#39 C:/Users/joshu/Desktop/FindNest/FindNest/findnest-backend/vendor/laravel/framework/src/Illuminate/Foundation/Http/Middleware/TrimStrings.php(51): Illuminate/Foundation/Http/Middleware/TransformsRequest->handle(Object(Illuminate/Http/Request), Object(Closure))
#40 C:/Users/joshu/Desktop/FindNest/FindNest/findnest-backend/vendor/laravel/framework/src/Illuminate/Pipeline/Pipeline.php(209): Illuminate/Foundation/Http/Middleware/TrimStrings->handle(Object(Illuminate/Http/Request), Object(Closure))
#41 C:/Users/joshu/Desktop/FindNest/FindNest/findnest-backend/vendor/laravel/framework/src/Illuminate/Http/Middleware/ValidatePostSize.php(27): Illuminate/Pipeline/Pipeline->Illuminate/Pipeline/{closure}(Object(Illuminate/Http/Request))
#42 C:/Users/joshu/Desktop/FindNest/FindNest/findnest-backend/vendor/laravel/framework/src/Illuminate/Pipeline/Pipeline.php(209): Illuminate/Http/Middleware/ValidatePostSize->handle(Object(Illuminate/Http/Request), Object(Closure))
#43 C:/Users/joshu/Desktop/FindNest/FindNest/findnest-backend/vendor/laravel/framework/src/Illuminate/Foundation/Http/Middleware/PreventRequestsDuringMaintenance.php(110): Illuminate/Pipeline/Pipeline->Illuminate/Pipeline/{closure}(Object(Illuminate/Http/Request))
#44 C:/Users/joshu/Desktop/FindNest/FindNest/findnest-backend/vendor/laravel/framework/src/Illuminate/Pipeline/Pipeline.php(209): Illuminate/Foundation/Http/Middleware/PreventRequestsDuringMaintenance->handle(Object(Illuminate/Http/Request), Object(Closure))
#45 C:/Users/joshu/Desktop/FindNest/FindNest/findnest-backend/vendor/laravel/framework/src/Illuminate/Http/Middleware/HandleCors.php(49): Illuminate/Pipeline/Pipeline->Illuminate/Pipeline/{closure}(Object(Illuminate/Http/Request))
#46 C:/Users/joshu/Desktop/FindNest/FindNest/findnest-backend/vendor/laravel/framework/src/Illuminate/Pipeline/Pipeline.php(209): Illuminate/Http/Middleware/HandleCors->handle(Object(Illuminate/Http/Request), Object(Closure))
#47 C:/Users/joshu/Desktop/FindNest/FindNest/findnest-backend/vendor/laravel/framework/src/Illuminate/Http/Middleware/TrustProxies.php(58): Illuminate/Pipeline/Pipeline->Illuminate/Pipeline/{closure}(Object(Illuminate/Http/Request))
#48 C:/Users/joshu/Desktop/FindNest/FindNest/findnest-backend/vendor/laravel/framework/src/Illuminate/Pipeline/Pipeline.php(209): Illuminate/Http/Middleware/TrustProxies->handle(Object(Illuminate/Http/Request), Object(Closure))
#49 C:/Users/joshu/Desktop/FindNest/FindNest/findnest-backend/vendor/laravel/framework/src/Illuminate/Foundation/Http/Middleware/InvokeDeferredCallbacks.php(22): Illuminate/Pipeline/Pipeline->Illuminate/Pipeline/{closure}(Object(Illuminate/Http/Request))
#50 C:/Users/joshu/Desktop/FindNest/FindNest/findnest-backend/vendor/laravel/framework/src/Illuminate/Pipeline/Pipeline.php(209): Illuminate/Foundation/Http/Middleware/InvokeDeferredCallbacks->handle(Object(Illuminate/Http/Request), Object(Closure))
#51 C:/Users/joshu/Desktop/FindNest/FindNest/findnest-backend/vendor/laravel/framework/src/Illuminate/Pipeline/Pipeline.php(127): Illuminate/Pipeline/Pipeline->Illuminate/Pipeline/{closure}(Object(Illuminate/Http/Request))
#52 C:/Users/joshu/Desktop/FindNest/FindNest/findnest-backend/vendor/laravel/framework/src/Illuminate/Foundation/Http/Kernel.php(176): Illuminate/Pipeline/Pipeline->then(Object(Closure))
#53 C:/Users/joshu/Desktop/FindNest/FindNest/findnest-backend/vendor/laravel/framework/src/Illuminate/Foundation/Http/Kernel.php(145): Illuminate/Foundation/Http/Kernel->sendRequestThroughRouter(Object(Illuminate/Http/Request))
#54 C:/Users/joshu/Desktop/FindNest/FindNest/findnest-backend/vendor/laravel/framework/src/Illuminate/Foundation/Application.php(1220): Illuminate/Foundation/Http/Kernel->handle(Object(Illuminate/Http/Request))
#55 C:/Users/joshu/Desktop/FindNest/FindNest/findnest-backend/public/index.php(17): Illuminate/Foundation/Application->handleRequest(Object(Illuminate/Http/Request))
#56 C:/Users/joshu/Desktop/FindNest/FindNest/findnest-backend/vendor/laravel/framework/src/Illuminate/Foundation/resources/server.php(23): require_once('C://Users//joshu//...')
#57 {main}
"} 
[2026-07-18 13:01:19] local.ERROR: Database file at path [C:\Users\joshu\Desktop\FindNest\FindNest\findnest-backend\database\database.sqlite] does not exist. Ensure this is an absolute path to the database. (Connection: sqlite, SQL: select * from "sessions" where "id" = IqxhpthWmdd4LUn8UohFt5wWXc0qQNOKT53vD2rK limit 1) {"exception":"[object] (Illuminate\\Database\\QueryException(code: 0): Database file at path [C:\\Users\\joshu\\Desktop\\FindNest\\FindNest\\findnest-backend\\database\\database.sqlite] does not exist. Ensure this is an absolute path to the database. (Connection: sqlite, SQL: select * from \"sessions\" where \"id\" = IqxhpthWmdd4LUn8UohFt5wWXc0qQNOKT53vD2rK limit 1) at C:/Users/joshu/Desktop/FindNest/FindNest/findnest-backend/vendor/laravel/framework/src/Illuminate/Database/Connection.php:825)
[stacktrace]
#0 C:/Users/joshu/Desktop/FindNest/FindNest/findnest-backend/vendor/laravel/framework/src/Illuminate/Database/Connection.php(779): Illuminate/Database/Connection->runQueryCallback('select * from \"...', Array, Object(Closure))
#1 C:/Users/joshu/Desktop/FindNest/FindNest/findnest-backend/vendor/laravel/framework/src/Illuminate/Database/Connection.php(398): Illuminate/Database/Connection->run('select * from \"...', Array, Object(Closure))
#2 C:/Users/joshu/Desktop/FindNest/FindNest/findnest-backend/vendor/laravel/framework/src/Illuminate/Database/Query/Builder.php(3106): Illuminate/Database/Connection->select('select * from \"...', Array, false)
#3 C:/Users/joshu/Desktop/FindNest/FindNest/findnest-backend/vendor/laravel/framework/src/Illuminate/Database/Query/Builder.php(3091): Illuminate/Database/Query/Builder->runSelect()
#4 C:/Users/joshu/Desktop/FindNest/FindNest/findnest-backend/vendor/laravel/framework/src/Illuminate/Database/Query/Builder.php(3676): Illuminate/Database/Query/Builder->Illuminate/Database/Query/{closure}()
#5 C:/Users/joshu/Desktop/FindNest/FindNest/findnest-backend/vendor/laravel/framework/src/Illuminate/Database/Query/Builder.php(3090): Illuminate/Database/Query/Builder->onceWithColumns(Array, Object(Closure))
#6 C:/Users/joshu/Desktop/FindNest/FindNest/findnest-backend/vendor/laravel/framework/src/Illuminate/Database/Concerns/BuildsQueries.php(343): Illuminate/Database/Query/Builder->get(Array)
#7 C:/Users/joshu/Desktop/FindNest/FindNest/findnest-backend/vendor/laravel/framework/src/Illuminate/Database/Query/Builder.php(3013): Illuminate/Database/Query/Builder->first(Array)
#8 C:/Users/joshu/Desktop/FindNest/FindNest/findnest-backend/vendor/laravel/framework/src/Illuminate/Session/DatabaseSessionHandler.php(97): Illuminate/Database/Query/Builder->find('IqxhpthWmdd4LUn...')
#9 C:/Users/joshu/Desktop/FindNest/FindNest/findnest-backend/vendor/laravel/framework/src/Illuminate/Session/Store.php(117): Illuminate/Session/DatabaseSessionHandler->read('IqxhpthWmdd4LUn...')
#10 C:/Users/joshu/Desktop/FindNest/FindNest/findnest-backend/vendor/laravel/framework/src/Illuminate/Session/Store.php(105): Illuminate/Session/Store->readFromHandler()
#11 C:/Users/joshu/Desktop/FindNest/FindNest/findnest-backend/vendor/laravel/framework/src/Illuminate/Session/Store.php(89): Illuminate/Session/Store->loadSession()
#12 C:/Users/joshu/Desktop/FindNest/FindNest/findnest-backend/vendor/laravel/framework/src/Illuminate/Session/Middleware/StartSession.php(147): Illuminate/Session/Store->start()
#13 C:/Users/joshu/Desktop/FindNest/FindNest/findnest-backend/vendor/laravel/framework/src/Illuminate/Support/helpers.php(399): Illuminate/Session/Middleware/StartSession->Illuminate/Session/Middleware/{closure}(Object(Illuminate/Session/Store))
#14 C:/Users/joshu/Desktop/FindNest/FindNest/findnest-backend/vendor/laravel/framework/src/Illuminate/Session/Middleware/StartSession.php(144): tap(Object(Illuminate/Session/Store), Object(Closure))
#15 C:/Users/joshu/Desktop/FindNest/FindNest/findnest-backend/vendor/laravel/framework/src/Illuminate/Session/Middleware/StartSession.php(116): Illuminate/Session/Middleware/StartSession->startSession(Object(Illuminate/Http/Request), Object(Illuminate/Session/Store))
#16 C:/Users/joshu/Desktop/FindNest/FindNest/findnest-backend/vendor/laravel/framework/src/Illuminate/Session/Middleware/StartSession.php(64): Illuminate/Session/Middleware/StartSession->handleStatefulRequest(Object(Illuminate/Http/Request), Object(Illuminate/Session/Store), Object(Closure))
#17 C:/Users/joshu/Desktop/FindNest/FindNest/findnest-backend/vendor/laravel/framework/src/Illuminate/Pipeline/Pipeline.php(209): Illuminate/Session/Middleware/StartSession->handle(Object(Illuminate/Http/Request), Object(Closure))
#18 C:/Users/joshu/Desktop/FindNest/FindNest/findnest-backend/vendor/laravel/framework/src/Illuminate/Cookie/Middleware/AddQueuedCookiesToResponse.php(37): Illuminate/Pipeline/Pipeline->Illuminate/Pipeline/{closure}(Object(Illuminate/Http/Request))
#19 C:/Users/joshu/Desktop/FindNest/FindNest/findnest-backend/vendor/laravel/framework/src/Illuminate/Pipeline/Pipeline.php(209): Illuminate/Cookie/Middleware/AddQueuedCookiesToResponse->handle(Object(Illuminate/Http/Request), Object(Closure))
#20 C:/Users/joshu/Desktop/FindNest/FindNest/findnest-backend/vendor/laravel/framework/src/Illuminate/Cookie/Middleware/EncryptCookies.php(75): Illuminate/Pipeline/Pipeline->Illuminate/Pipeline/{closure}(Object(Illuminate/Http/Request))
#21 C:/Users/joshu/Desktop/FindNest/FindNest/findnest-backend/vendor/laravel/framework/src/Illuminate/Pipeline/Pipeline.php(209): Illuminate/Cookie/Middleware/EncryptCookies->handle(Object(Illuminate/Http/Request), Object(Closure))
#22 C:/Users/joshu/Desktop/FindNest/FindNest/findnest-backend/vendor/laravel/framework/src/Illuminate/Pipeline/Pipeline.php(127): Illuminate/Pipeline/Pipeline->Illuminate/Pipeline/{closure}(Object(Illuminate/Http/Request))
#23 C:/Users/joshu/Desktop/FindNest/FindNest/findnest-backend/vendor/laravel/framework/src/Illuminate/Routing/Router.php(807): Illuminate/Pipeline/Pipeline->then(Object(Closure))
#24 C:/Users/joshu/Desktop/FindNest/FindNest/findnest-backend/vendor/laravel/framework/src/Illuminate/Routing/Router.php(786): Illuminate/Routing/Router->runRouteWithinStack(Object(Illuminate/Routing/Route), Object(Illuminate/Http/Request))
#25 C:/Users/joshu/Desktop/FindNest/FindNest/findnest-backend/vendor/laravel/framework/src/Illuminate/Routing/Router.php(750): Illuminate/Routing/Router->runRoute(Object(Illuminate/Http/Request), Object(Illuminate/Routing/Route))
#26 C:/Users/joshu/Desktop/FindNest/FindNest/findnest-backend/vendor/laravel/framework/src/Illuminate/Routing/Router.php(739): Illuminate/Routing/Router->dispatchToRoute(Object(Illuminate/Http/Request))
#27 C:/Users/joshu/Desktop/FindNest/FindNest/findnest-backend/vendor/laravel/framework/src/Illuminate/Foundation/Http/Kernel.php(201): Illuminate/Routing/Router->dispatch(Object(Illuminate/Http/Request))
#28 C:/Users/joshu/Desktop/FindNest/FindNest/findnest-backend/vendor/laravel/framework/src/Illuminate/Pipeline/Pipeline.php(170): Illuminate/Foundation/Http/Kernel->Illuminate/Foundation/Http/{closure}(Object(Illuminate/Http/Request))
#29 C:/Users/joshu/Desktop/FindNest/FindNest/findnest-backend/vendor/laravel/framework/src/Illuminate/Foundation/Http/Middleware/TransformsRequest.php(21): Illuminate/Pipeline/Pipeline->Illuminate/Pipeline/{closure}(Object(Illuminate/Http/Request))
#30 C:/Users/joshu/Desktop/FindNest/FindNest/findnest-backend/vendor/laravel/framework/src/Illuminate/Foundation/Http/Middleware/ConvertEmptyStringsToNull.php(31): Illuminate/Foundation/Http/Middleware/TransformsRequest->handle(Object(Illuminate/Http/Request), Object(Closure))
#31 C:/Users/joshu/Desktop/FindNest/FindNest/findnest-backend/vendor/laravel/framework/src/Illuminate/Pipeline/Pipeline.php(209): Illuminate/Foundation/Http/Middleware/ConvertEmptyStringsToNull->handle(Object(Illuminate/Http/Request), Object(Closure))
#32 C:/Users/joshu/Desktop/FindNest/FindNest/findnest-backend/vendor/laravel/framework/src/Illuminate/Foundation/Http/Middleware/TransformsRequest.php(21): Illuminate/Pipeline/Pipeline->Illuminate/Pipeline/{closure}(Object(Illuminate/Http/Request))
#33 C:/Users/joshu/Desktop/FindNest/FindNest/findnest-backend/vendor/laravel/framework/src/Illuminate/Foundation/Http/Middleware/TrimStrings.php(51): Illuminate/Foundation/Http/Middleware/TransformsRequest->handle(Object(Illuminate/Http/Request), Object(Closure))
#34 C:/Users/joshu/Desktop/FindNest/FindNest/findnest-backend/vendor/laravel/framework/src/Illuminate/Pipeline/Pipeline.php(209): Illuminate/Foundation/Http/Middleware/TrimStrings->handle(Object(Illuminate/Http/Request), Object(Closure))
#35 C:/Users/joshu/Desktop/FindNest/FindNest/findnest-backend/vendor/laravel/framework/src/Illuminate/Http/Middleware/ValidatePostSize.php(27): Illuminate/Pipeline/Pipeline->Illuminate/Pipeline/{closure}(Object(Illuminate/Http/Request))
#36 C:/Users/joshu/Desktop/FindNest/FindNest/findnest-backend/vendor/laravel/framework/src/Illuminate/Pipeline/Pipeline.php(209): Illuminate/Http/Middleware/ValidatePostSize->handle(Object(Illuminate/Http/Request), Object(Closure))
#37 C:/Users/joshu/Desktop/FindNest/FindNest/findnest-backend/vendor/laravel/framework/src/Illuminate/Foundation/Http/Middleware/PreventRequestsDuringMaintenance.php(110): Illuminate/Pipeline/Pipeline->Illuminate/Pipeline/{closure}(Object(Illuminate/Http/Request))
#38 C:/Users/joshu/Desktop/FindNest/FindNest/findnest-backend/vendor/laravel/framework/src/Illuminate/Pipeline/Pipeline.php(209): Illuminate/Foundation/Http/Middleware/PreventRequestsDuringMaintenance->handle(Object(Illuminate/Http/Request), Object(Closure))
#39 C:/Users/joshu/Desktop/FindNest/FindNest/findnest-backend/vendor/laravel/framework/src/Illuminate/Http/Middleware/HandleCors.php(49): Illuminate/Pipeline/Pipeline->Illuminate/Pipeline/{closure}(Object(Illuminate/Http/Request))
#40 C:/Users/joshu/Desktop/FindNest/FindNest/findnest-backend/vendor/laravel/framework/src/Illuminate/Pipeline/Pipeline.php(209): Illuminate/Http/Middleware/HandleCors->handle(Object(Illuminate/Http/Request), Object(Closure))
#41 C:/Users/joshu/Desktop/FindNest/FindNest/findnest-backend/vendor/laravel/framework/src/Illuminate/Http/Middleware/TrustProxies.php(58): Illuminate/Pipeline/Pipeline->Illuminate/Pipeline/{closure}(Object(Illuminate/Http/Request))
#42 C:/Users/joshu/Desktop/FindNest/FindNest/findnest-backend/vendor/laravel/framework/src/Illuminate/Pipeline/Pipeline.php(209): Illuminate/Http/Middleware/TrustProxies->handle(Object(Illuminate/Http/Request), Object(Closure))
#43 C:/Users/joshu/Desktop/FindNest/FindNest/findnest-backend/vendor/laravel/framework/src/Illuminate/Foundation/Http/Middleware/InvokeDeferredCallbacks.php(22): Illuminate/Pipeline/Pipeline->Illuminate/Pipeline/{closure}(Object(Illuminate/Http/Request))
#44 C:/Users/joshu/Desktop/FindNest/FindNest/findnest-backend/vendor/laravel/framework/src/Illuminate/Pipeline/Pipeline.php(209): Illuminate/Foundation/Http/Middleware/InvokeDeferredCallbacks->handle(Object(Illuminate/Http/Request), Object(Closure))
#45 C:/Users/joshu/Desktop/FindNest/FindNest/findnest-backend/vendor/laravel/framework/src/Illuminate/Pipeline/Pipeline.php(127): Illuminate/Pipeline/Pipeline->Illuminate/Pipeline/{closure}(Object(Illuminate/Http/Request))
#46 C:/Users/joshu/Desktop/FindNest/FindNest/findnest-backend/vendor/laravel/framework/src/Illuminate/Foundation/Http/Kernel.php(176): Illuminate/Pipeline/Pipeline->then(Object(Closure))
#47 C:/Users/joshu/Desktop/FindNest/FindNest/findnest-backend/vendor/laravel/framework/src/Illuminate/Foundation/Http/Kernel.php(145): Illuminate/Foundation/Http/Kernel->sendRequestThroughRouter(Object(Illuminate/Http/Request))
#48 C:/Users/joshu/Desktop/FindNest/FindNest/findnest-backend/vendor/laravel/framework/src/Illuminate/Foundation/Application.php(1220): Illuminate/Foundation/Http/Kernel->handle(Object(Illuminate/Http/Request))
#49 C:/Users/joshu/Desktop/FindNest/FindNest/findnest-backend/public/index.php(17): Illuminate/Foundation/Application->handleRequest(Object(Illuminate/Http/Request))
#50 C:/Users/joshu/Desktop/FindNest/FindNest/findnest-backend/vendor/laravel/framework/src/Illuminate/Foundation/resources/server.php(23): require_once('C://Users//joshu//...')
#51 {main}

[previous exception] [object] (Illuminate\\Database\\SQLiteDatabaseDoesNotExistException(code: 0): Database file at path [C:\\Users\\joshu\\Desktop\\FindNest\\FindNest\\findnest-backend\\database\\database.sqlite] does not exist. Ensure this is an absolute path to the database. at C:/Users/joshu/Desktop/FindNest/FindNest/findnest-backend/vendor/laravel/framework/src/Illuminate/Database/Connectors/SQLiteConnector.php:37)
[stacktrace]
#0 C:/Users/joshu/Desktop/FindNest/FindNest/findnest-backend/vendor/laravel/framework/src/Illuminate/Database/Connectors/ConnectionFactory.php(224): Illuminate/Database/Connectors/SQLiteConnector->connect(Array)
#1 [internal function]: Illuminate/Database/Connectors/ConnectionFactory->Illuminate/Database/Connectors/{closure}()
#2 C:/Users/joshu/Desktop/FindNest/FindNest/findnest-backend/vendor/laravel/framework/src/Illuminate/Database/Connection.php(1231): call_user_func(Object(Closure))
#3 C:/Users/joshu/Desktop/FindNest/FindNest/findnest-backend/vendor/laravel/framework/src/Illuminate/Database/Connection.php(512): Illuminate/Database/Connection->getPdo()
#4 C:/Users/joshu/Desktop/FindNest/FindNest/findnest-backend/vendor/laravel/framework/src/Illuminate/Database/Connection.php(407): Illuminate/Database/Connection->getPdoForSelect(false)
#5 C:/Users/joshu/Desktop/FindNest/FindNest/findnest-backend/vendor/laravel/framework/src/Illuminate/Database/Connection.php(812): Illuminate/Database/Connection->Illuminate/Database/{closure}('select * from \"...', Array)
#6 C:/Users/joshu/Desktop/FindNest/FindNest/findnest-backend/vendor/laravel/framework/src/Illuminate/Database/Connection.php(779): Illuminate/Database/Connection->runQueryCallback('select * from \"...', Array, Object(Closure))
#7 C:/Users/joshu/Desktop/FindNest/FindNest/findnest-backend/vendor/laravel/framework/src/Illuminate/Database/Connection.php(398): Illuminate/Database/Connection->run('select * from \"...', Array, Object(Closure))
#8 C:/Users/joshu/Desktop/FindNest/FindNest/findnest-backend/vendor/laravel/framework/src/Illuminate/Database/Query/Builder.php(3106): Illuminate/Database/Connection->select('select * from \"...', Array, false)
#9 C:/Users/joshu/Desktop/FindNest/FindNest/findnest-backend/vendor/laravel/framework/src/Illuminate/Database/Query/Builder.php(3091): Illuminate/Database/Query/Builder->runSelect()
#10 C:/Users/joshu/Desktop/FindNest/FindNest/findnest-backend/vendor/laravel/framework/src/Illuminate/Database/Query/Builder.php(3676): Illuminate/Database/Query/Builder->Illuminate/Database/Query/{closure}()
#11 C:/Users/joshu/Desktop/FindNest/FindNest/findnest-backend/vendor/laravel/framework/src/Illuminate/Database/Query/Builder.php(3090): Illuminate/Database/Query/Builder->onceWithColumns(Array, Object(Closure))
#12 C:/Users/joshu/Desktop/FindNest/FindNest/findnest-backend/vendor/laravel/framework/src/Illuminate/Database/Concerns/BuildsQueries.php(343): Illuminate/Database/Query/Builder->get(Array)
#13 C:/Users/joshu/Desktop/FindNest/FindNest/findnest-backend/vendor/laravel/framework/src/Illuminate/Database/Query/Builder.php(3013): Illuminate/Database/Query/Builder->first(Array)
#14 C:/Users/joshu/Desktop/FindNest/FindNest/findnest-backend/vendor/laravel/framework/src/Illuminate/Session/DatabaseSessionHandler.php(97): Illuminate/Database/Query/Builder->find('IqxhpthWmdd4LUn...')
#15 C:/Users/joshu/Desktop/FindNest/FindNest/findnest-backend/vendor/laravel/framework/src/Illuminate/Session/Store.php(117): Illuminate/Session/DatabaseSessionHandler->read('IqxhpthWmdd4LUn...')
#16 C:/Users/joshu/Desktop/FindNest/FindNest/findnest-backend/vendor/laravel/framework/src/Illuminate/Session/Store.php(105): Illuminate/Session/Store->readFromHandler()
#17 C:/Users/joshu/Desktop/FindNest/FindNest/findnest-backend/vendor/laravel/framework/src/Illuminate/Session/Store.php(89): Illuminate/Session/Store->loadSession()
#18 C:/Users/joshu/Desktop/FindNest/FindNest/findnest-backend/vendor/laravel/framework/src/Illuminate/Session/Middleware/StartSession.php(147): Illuminate/Session/Store->start()
#19 C:/Users/joshu/Desktop/FindNest/FindNest/findnest-backend/vendor/laravel/framework/src/Illuminate/Support/helpers.php(399): Illuminate/Session/Middleware/StartSession->Illuminate/Session/Middleware/{closure}(Object(Illuminate/Session/Store))
#20 C:/Users/joshu/Desktop/FindNest/FindNest/findnest-backend/vendor/laravel/framework/src/Illuminate/Session/Middleware/StartSession.php(144): tap(Object(Illuminate/Session/Store), Object(Closure))
#21 C:/Users/joshu/Desktop/FindNest/FindNest/findnest-backend/vendor/laravel/framework/src/Illuminate/Session/Middleware/StartSession.php(116): Illuminate/Session/Middleware/StartSession->startSession(Object(Illuminate/Http/Request), Object(Illuminate/Session/Store))
#22 C:/Users/joshu/Desktop/FindNest/FindNest/findnest-backend/vendor/laravel/framework/src/Illuminate/Session/Middleware/StartSession.php(64): Illuminate/Session/Middleware/StartSession->handleStatefulRequest(Object(Illuminate/Http/Request), Object(Illuminate/Session/Store), Object(Closure))
#23 C:/Users/joshu/Desktop/FindNest/FindNest/findnest-backend/vendor/laravel/framework/src/Illuminate/Pipeline/Pipeline.php(209): Illuminate/Session/Middleware/StartSession->handle(Object(Illuminate/Http/Request), Object(Closure))
#24 C:/Users/joshu/Desktop/FindNest/FindNest/findnest-backend/vendor/laravel/framework/src/Illuminate/Cookie/Middleware/AddQueuedCookiesToResponse.php(37): Illuminate/Pipeline/Pipeline->Illuminate/Pipeline/{closure}(Object(Illuminate/Http/Request))
#25 C:/Users/joshu/Desktop/FindNest/FindNest/findnest-backend/vendor/laravel/framework/src/Illuminate/Pipeline/Pipeline.php(209): Illuminate/Cookie/Middleware/AddQueuedCookiesToResponse->handle(Object(Illuminate/Http/Request), Object(Closure))
#26 C:/Users/joshu/Desktop/FindNest/FindNest/findnest-backend/vendor/laravel/framework/src/Illuminate/Cookie/Middleware/EncryptCookies.php(75): Illuminate/Pipeline/Pipeline->Illuminate/Pipeline/{closure}(Object(Illuminate/Http/Request))
#27 C:/Users/joshu/Desktop/FindNest/FindNest/findnest-backend/vendor/laravel/framework/src/Illuminate/Pipeline/Pipeline.php(209): Illuminate/Cookie/Middleware/EncryptCookies->handle(Object(Illuminate/Http/Request), Object(Closure))
#28 C:/Users/joshu/Desktop/FindNest/FindNest/findnest-backend/vendor/laravel/framework/src/Illuminate/Pipeline/Pipeline.php(127): Illuminate/Pipeline/Pipeline->Illuminate/Pipeline/{closure}(Object(Illuminate/Http/Request))
#29 C:/Users/joshu/Desktop/FindNest/FindNest/findnest-backend/vendor/laravel/framework/src/Illuminate/Routing/Router.php(807): Illuminate/Pipeline/Pipeline->then(Object(Closure))
#30 C:/Users/joshu/Desktop/FindNest/FindNest/findnest-backend/vendor/laravel/framework/src/Illuminate/Routing/Router.php(786): Illuminate/Routing/Router->runRouteWithinStack(Object(Illuminate/Routing/Route), Object(Illuminate/Http/Request))
#31 C:/Users/joshu/Desktop/FindNest/FindNest/findnest-backend/vendor/laravel/framework/src/Illuminate/Routing/Router.php(750): Illuminate/Routing/Router->runRoute(Object(Illuminate/Http/Request), Object(Illuminate/Routing/Route))
#32 C:/Users/joshu/Desktop/FindNest/FindNest/findnest-backend/vendor/laravel/framework/src/Illuminate/Routing/Router.php(739): Illuminate/Routing/Router->dispatchToRoute(Object(Illuminate/Http/Request))
#33 C:/Users/joshu/Desktop/FindNest/FindNest/findnest-backend/vendor/laravel/framework/src/Illuminate/Foundation/Http/Kernel.php(201): Illuminate/Routing/Router->dispatch(Object(Illuminate/Http/Request))
#34 C:/Users/joshu/Desktop/FindNest/FindNest/findnest-backend/vendor/laravel/framework/src/Illuminate/Pipeline/Pipeline.php(170): Illuminate/Foundation/Http/Kernel->Illuminate/Foundation/Http/{closure}(Object(Illuminate/Http/Request))
#35 C:/Users/joshu/Desktop/FindNest/FindNest/findnest-backend/vendor/laravel/framework/src/Illuminate/Foundation/Http/Middleware/TransformsRequest.php(21): Illuminate/Pipeline/Pipeline->Illuminate/Pipeline/{closure}(Object(Illuminate/Http/Request))
#36 C:/Users/joshu/Desktop/FindNest/FindNest/findnest-backend/vendor/laravel/framework/src/Illuminate/Foundation/Http/Middleware/ConvertEmptyStringsToNull.php(31): Illuminate/Foundation/Http/Middleware/TransformsRequest->handle(Object(Illuminate/Http/Request), Object(Closure))
#37 C:/Users/joshu/Desktop/FindNest/FindNest/findnest-backend/vendor/laravel/framework/src/Illuminate/Pipeline/Pipeline.php(209): Illuminate/Foundation/Http/Middleware/ConvertEmptyStringsToNull->handle(Object(Illuminate/Http/Request), Object(Closure))
#38 C:/Users/joshu/Desktop/FindNest/FindNest/findnest-backend/vendor/laravel/framework/src/Illuminate/Foundation/Http/Middleware/TransformsRequest.php(21): Illuminate/Pipeline/Pipeline->Illuminate/Pipeline/{closure}(Object(Illuminate/Http/Request))
#39 C:/Users/joshu/Desktop/FindNest/FindNest/findnest-backend/vendor/laravel/framework/src/Illuminate/Foundation/Http/Middleware/TrimStrings.php(51): Illuminate/Foundation/Http/Middleware/TransformsRequest->handle(Object(Illuminate/Http/Request), Object(Closure))
#40 C:/Users/joshu/Desktop/FindNest/FindNest/findnest-backend/vendor/laravel/framework/src/Illuminate/Pipeline/Pipeline.php(209): Illuminate/Foundation/Http/Middleware/TrimStrings->handle(Object(Illuminate/Http/Request), Object(Closure))
#41 C:/Users/joshu/Desktop/FindNest/FindNest/findnest-backend/vendor/laravel/framework/src/Illuminate/Http/Middleware/ValidatePostSize.php(27): Illuminate/Pipeline/Pipeline->Illuminate/Pipeline/{closure}(Object(Illuminate/Http/Request))
#42 C:/Users/joshu/Desktop/FindNest/FindNest/findnest-backend/vendor/laravel/framework/src/Illuminate/Pipeline/Pipeline.php(209): Illuminate/Http/Middleware/ValidatePostSize->handle(Object(Illuminate/Http/Request), Object(Closure))
#43 C:/Users/joshu/Desktop/FindNest/FindNest/findnest-backend/vendor/laravel/framework/src/Illuminate/Foundation/Http/Middleware/PreventRequestsDuringMaintenance.php(110): Illuminate/Pipeline/Pipeline->Illuminate/Pipeline/{closure}(Object(Illuminate/Http/Request))
#44 C:/Users/joshu/Desktop/FindNest/FindNest/findnest-backend/vendor/laravel/framework/src/Illuminate/Pipeline/Pipeline.php(209): Illuminate/Foundation/Http/Middleware/PreventRequestsDuringMaintenance->handle(Object(Illuminate/Http/Request), Object(Closure))
#45 C:/Users/joshu/Desktop/FindNest/FindNest/findnest-backend/vendor/laravel/framework/src/Illuminate/Http/Middleware/HandleCors.php(49): Illuminate/Pipeline/Pipeline->Illuminate/Pipeline/{closure}(Object(Illuminate/Http/Request))
#46 C:/Users/joshu/Desktop/FindNest/FindNest/findnest-backend/vendor/laravel/framework/src/Illuminate/Pipeline/Pipeline.php(209): Illuminate/Http/Middleware/HandleCors->handle(Object(Illuminate/Http/Request), Object(Closure))
#47 C:/Users/joshu/Desktop/FindNest/FindNest/findnest-backend/vendor/laravel/framework/src/Illuminate/Http/Middleware/TrustProxies.php(58): Illuminate/Pipeline/Pipeline->Illuminate/Pipeline/{closure}(Object(Illuminate/Http/Request))
#48 C:/Users/joshu/Desktop/FindNest/FindNest/findnest-backend/vendor/laravel/framework/src/Illuminate/Pipeline/Pipeline.php(209): Illuminate/Http/Middleware/TrustProxies->handle(Object(Illuminate/Http/Request), Object(Closure))
#49 C:/Users/joshu/Desktop/FindNest/FindNest/findnest-backend/vendor/laravel/framework/src/Illuminate/Foundation/Http/Middleware/InvokeDeferredCallbacks.php(22): Illuminate/Pipeline/Pipeline->Illuminate/Pipeline/{closure}(Object(Illuminate/Http/Request))
#50 C:/Users/joshu/Desktop/FindNest/FindNest/findnest-backend/vendor/laravel/framework/src/Illuminate/Pipeline/Pipeline.php(209): Illuminate/Foundation/Http/Middleware/InvokeDeferredCallbacks->handle(Object(Illuminate/Http/Request), Object(Closure))
#51 C:/Users/joshu/Desktop/FindNest/FindNest/findnest-backend/vendor/laravel/framework/src/Illuminate/Pipeline/Pipeline.php(127): Illuminate/Pipeline/Pipeline->Illuminate/Pipeline/{closure}(Object(Illuminate/Http/Request))
#52 C:/Users/joshu/Desktop/FindNest/FindNest/findnest-backend/vendor/laravel/framework/src/Illuminate/Foundation/Http/Kernel.php(176): Illuminate/Pipeline/Pipeline->then(Object(Closure))
#53 C:/Users/joshu/Desktop/FindNest/FindNest/findnest-backend/vendor/laravel/framework/src/Illuminate/Foundation/Http/Kernel.php(145): Illuminate/Foundation/Http/Kernel->sendRequestThroughRouter(Object(Illuminate/Http/Request))
#54 C:/Users/joshu/Desktop/FindNest/FindNest/findnest-backend/vendor/laravel/framework/src/Illuminate/Foundation/Application.php(1220): Illuminate/Foundation/Http/Kernel->handle(Object(Illuminate/Http/Request))
#55 C:/Users/joshu/Desktop/FindNest/FindNest/findnest-backend/public/index.php(17): Illuminate/Foundation/Application->handleRequest(Object(Illuminate/Http/Request))
#56 C:/Users/joshu/Desktop/FindNest/FindNest/findnest-backend/vendor/laravel/framework/src/Illuminate/Foundation/resources/server.php(23): require_once('C://Users//joshu//...')
#57 {main}
"} 
[2026-07-18 13:33:22] local.ERROR: Database file at path [C:\Users\joshu\Desktop\FindNest\FindNest\findnest-backend\database\database.sqlite] does not exist. Ensure this is an absolute path to the database. (Connection: sqlite, SQL: select * from "sessions" where "id" = VQoNeRxZ2l8cpy8vR9YldoY8KgqY0VRBaRA4vDnb limit 1) {"exception":"[object] (Illuminate\\Database\\QueryException(code: 0): Database file at path [C:\\Users\\joshu\\Desktop\\FindNest\\FindNest\\findnest-backend\\database\\database.sqlite] does not exist. Ensure this is an absolute path to the database. (Connection: sqlite, SQL: select * from \"sessions\" where \"id\" = VQoNeRxZ2l8cpy8vR9YldoY8KgqY0VRBaRA4vDnb limit 1) at C:/Users/joshu/Desktop/FindNest/FindNest/findnest-backend/vendor/laravel/framework/src/Illuminate/Database/Connection.php:825)
[stacktrace]
#0 C:/Users/joshu/Desktop/FindNest/FindNest/findnest-backend/vendor/laravel/framework/src/Illuminate/Database/Connection.php(779): Illuminate/Database/Connection->runQueryCallback('select * from \"...', Array, Object(Closure))
#1 C:/Users/joshu/Desktop/FindNest/FindNest/findnest-backend/vendor/laravel/framework/src/Illuminate/Database/Connection.php(398): Illuminate/Database/Connection->run('select * from \"...', Array, Object(Closure))
#2 C:/Users/joshu/Desktop/FindNest/FindNest/findnest-backend/vendor/laravel/framework/src/Illuminate/Database/Query/Builder.php(3106): Illuminate/Database/Connection->select('select * from \"...', Array, false)
#3 C:/Users/joshu/Desktop/FindNest/FindNest/findnest-backend/vendor/laravel/framework/src/Illuminate/Database/Query/Builder.php(3091): Illuminate/Database/Query/Builder->runSelect()
#4 C:/Users/joshu/Desktop/FindNest/FindNest/findnest-backend/vendor/laravel/framework/src/Illuminate/Database/Query/Builder.php(3676): Illuminate/Database/Query/Builder->Illuminate/Database/Query/{closure}()
#5 C:/Users/joshu/Desktop/FindNest/FindNest/findnest-backend/vendor/laravel/framework/src/Illuminate/Database/Query/Builder.php(3090): Illuminate/Database/Query/Builder->onceWithColumns(Array, Object(Closure))
#6 C:/Users/joshu/Desktop/FindNest/FindNest/findnest-backend/vendor/laravel/framework/src/Illuminate/Database/Concerns/BuildsQueries.php(343): Illuminate/Database/Query/Builder->get(Array)
#7 C:/Users/joshu/Desktop/FindNest/FindNest/findnest-backend/vendor/laravel/framework/src/Illuminate/Database/Query/Builder.php(3013): Illuminate/Database/Query/Builder->first(Array)
#8 C:/Users/joshu/Desktop/FindNest/FindNest/findnest-backend/vendor/laravel/framework/src/Illuminate/Session/DatabaseSessionHandler.php(97): Illuminate/Database/Query/Builder->find('VQoNeRxZ2l8cpy8...')
#9 C:/Users/joshu/Desktop/FindNest/FindNest/findnest-backend/vendor/laravel/framework/src/Illuminate/Session/Store.php(117): Illuminate/Session/DatabaseSessionHandler->read('VQoNeRxZ2l8cpy8...')
#10 C:/Users/joshu/Desktop/FindNest/FindNest/findnest-backend/vendor/laravel/framework/src/Illuminate/Session/Store.php(105): Illuminate/Session/Store->readFromHandler()
#11 C:/Users/joshu/Desktop/FindNest/FindNest/findnest-backend/vendor/laravel/framework/src/Illuminate/Session/Store.php(89): Illuminate/Session/Store->loadSession()
#12 C:/Users/joshu/Desktop/FindNest/FindNest/findnest-backend/vendor/laravel/framework/src/Illuminate/Session/Middleware/StartSession.php(147): Illuminate/Session/Store->start()
#13 C:/Users/joshu/Desktop/FindNest/FindNest/findnest-backend/vendor/laravel/framework/src/Illuminate/Support/helpers.php(399): Illuminate/Session/Middleware/StartSession->Illuminate/Session/Middleware/{closure}(Object(Illuminate/Session/Store))
#14 C:/Users/joshu/Desktop/FindNest/FindNest/findnest-backend/vendor/laravel/framework/src/Illuminate/Session/Middleware/StartSession.php(144): tap(Object(Illuminate/Session/Store), Object(Closure))
#15 C:/Users/joshu/Desktop/FindNest/FindNest/findnest-backend/vendor/laravel/framework/src/Illuminate/Session/Middleware/StartSession.php(116): Illuminate/Session/Middleware/StartSession->startSession(Object(Illuminate/Http/Request), Object(Illuminate/Session/Store))
#16 C:/Users/joshu/Desktop/FindNest/FindNest/findnest-backend/vendor/laravel/framework/src/Illuminate/Session/Middleware/StartSession.php(64): Illuminate/Session/Middleware/StartSession->handleStatefulRequest(Object(Illuminate/Http/Request), Object(Illuminate/Session/Store), Object(Closure))
#17 C:/Users/joshu/Desktop/FindNest/FindNest/findnest-backend/vendor/laravel/framework/src/Illuminate/Pipeline/Pipeline.php(209): Illuminate/Session/Middleware/StartSession->handle(Object(Illuminate/Http/Request), Object(Closure))
#18 C:/Users/joshu/Desktop/FindNest/FindNest/findnest-backend/vendor/laravel/framework/src/Illuminate/Cookie/Middleware/AddQueuedCookiesToResponse.php(37): Illuminate/Pipeline/Pipeline->Illuminate/Pipeline/{closure}(Object(Illuminate/Http/Request))
#19 C:/Users/joshu/Desktop/FindNest/FindNest/findnest-backend/vendor/laravel/framework/src/Illuminate/Pipeline/Pipeline.php(209): Illuminate/Cookie/Middleware/AddQueuedCookiesToResponse->handle(Object(Illuminate/Http/Request), Object(Closure))
#20 C:/Users/joshu/Desktop/FindNest/FindNest/findnest-backend/vendor/laravel/framework/src/Illuminate/Cookie/Middleware/EncryptCookies.php(75): Illuminate/Pipeline/Pipeline->Illuminate/Pipeline/{closure}(Object(Illuminate/Http/Request))
#21 C:/Users/joshu/Desktop/FindNest/FindNest/findnest-backend/vendor/laravel/framework/src/Illuminate/Pipeline/Pipeline.php(209): Illuminate/Cookie/Middleware/EncryptCookies->handle(Object(Illuminate/Http/Request), Object(Closure))
#22 C:/Users/joshu/Desktop/FindNest/FindNest/findnest-backend/vendor/laravel/framework/src/Illuminate/Pipeline/Pipeline.php(127): Illuminate/Pipeline/Pipeline->Illuminate/Pipeline/{closure}(Object(Illuminate/Http/Request))
#23 C:/Users/joshu/Desktop/FindNest/FindNest/findnest-backend/vendor/laravel/framework/src/Illuminate/Routing/Router.php(807): Illuminate/Pipeline/Pipeline->then(Object(Closure))
#24 C:/Users/joshu/Desktop/FindNest/FindNest/findnest-backend/vendor/laravel/framework/src/Illuminate/Routing/Router.php(786): Illuminate/Routing/Router->runRouteWithinStack(Object(Illuminate/Routing/Route), Object(Illuminate/Http/Request))
#25 C:/Users/joshu/Desktop/FindNest/FindNest/findnest-backend/vendor/laravel/framework/src/Illuminate/Routing/Router.php(750): Illuminate/Routing/Router->runRoute(Object(Illuminate/Http/Request), Object(Illuminate/Routing/Route))
#26 C:/Users/joshu/Desktop/FindNest/FindNest/findnest-backend/vendor/laravel/framework/src/Illuminate/Routing/Router.php(739): Illuminate/Routing/Router->dispatchToRoute(Object(Illuminate/Http/Request))
#27 C:/Users/joshu/Desktop/FindNest/FindNest/findnest-backend/vendor/laravel/framework/src/Illuminate/Foundation/Http/Kernel.php(201): Illuminate/Routing/Router->dispatch(Object(Illuminate/Http/Request))
#28 C:/Users/joshu/Desktop/FindNest/FindNest/findnest-backend/vendor/laravel/framework/src/Illuminate/Pipeline/Pipeline.php(170): Illuminate/Foundation/Http/Kernel->Illuminate/Foundation/Http/{closure}(Object(Illuminate/Http/Request))
#29 C:/Users/joshu/Desktop/FindNest/FindNest/findnest-backend/vendor/laravel/framework/src/Illuminate/Foundation/Http/Middleware/TransformsRequest.php(21): Illuminate/Pipeline/Pipeline->Illuminate/Pipeline/{closure}(Object(Illuminate/Http/Request))
#30 C:/Users/joshu/Desktop/FindNest/FindNest/findnest-backend/vendor/laravel/framework/src/Illuminate/Foundation/Http/Middleware/ConvertEmptyStringsToNull.php(31): Illuminate/Foundation/Http/Middleware/TransformsRequest->handle(Object(Illuminate/Http/Request), Object(Closure))
#31 C:/Users/joshu/Desktop/FindNest/FindNest/findnest-backend/vendor/laravel/framework/src/Illuminate/Pipeline/Pipeline.php(209): Illuminate/Foundation/Http/Middleware/ConvertEmptyStringsToNull->handle(Object(Illuminate/Http/Request), Object(Closure))
#32 C:/Users/joshu/Desktop/FindNest/FindNest/findnest-backend/vendor/laravel/framework/src/Illuminate/Foundation/Http/Middleware/TransformsRequest.php(21): Illuminate/Pipeline/Pipeline->Illuminate/Pipeline/{closure}(Object(Illuminate/Http/Request))
#33 C:/Users/joshu/Desktop/FindNest/FindNest/findnest-backend/vendor/laravel/framework/src/Illuminate/Foundation/Http/Middleware/TrimStrings.php(51): Illuminate/Foundation/Http/Middleware/TransformsRequest->handle(Object(Illuminate/Http/Request), Object(Closure))
#34 C:/Users/joshu/Desktop/FindNest/FindNest/findnest-backend/vendor/laravel/framework/src/Illuminate/Pipeline/Pipeline.php(209): Illuminate/Foundation/Http/Middleware/TrimStrings->handle(Object(Illuminate/Http/Request), Object(Closure))
#35 C:/Users/joshu/Desktop/FindNest/FindNest/findnest-backend/vendor/laravel/framework/src/Illuminate/Http/Middleware/ValidatePostSize.php(27): Illuminate/Pipeline/Pipeline->Illuminate/Pipeline/{closure}(Object(Illuminate/Http/Request))
#36 C:/Users/joshu/Desktop/FindNest/FindNest/findnest-backend/vendor/laravel/framework/src/Illuminate/Pipeline/Pipeline.php(209): Illuminate/Http/Middleware/ValidatePostSize->handle(Object(Illuminate/Http/Request), Object(Closure))
#37 C:/Users/joshu/Desktop/FindNest/FindNest/findnest-backend/vendor/laravel/framework/src/Illuminate/Foundation/Http/Middleware/PreventRequestsDuringMaintenance.php(110): Illuminate/Pipeline/Pipeline->Illuminate/Pipeline/{closure}(Object(Illuminate/Http/Request))
#38 C:/Users/joshu/Desktop/FindNest/FindNest/findnest-backend/vendor/laravel/framework/src/Illuminate/Pipeline/Pipeline.php(209): Illuminate/Foundation/Http/Middleware/PreventRequestsDuringMaintenance->handle(Object(Illuminate/Http/Request), Object(Closure))
#39 C:/Users/joshu/Desktop/FindNest/FindNest/findnest-backend/vendor/laravel/framework/src/Illuminate/Http/Middleware/HandleCors.php(49): Illuminate/Pipeline/Pipeline->Illuminate/Pipeline/{closure}(Object(Illuminate/Http/Request))
#40 C:/Users/joshu/Desktop/FindNest/FindNest/findnest-backend/vendor/laravel/framework/src/Illuminate/Pipeline/Pipeline.php(209): Illuminate/Http/Middleware/HandleCors->handle(Object(Illuminate/Http/Request), Object(Closure))
#41 C:/Users/joshu/Desktop/FindNest/FindNest/findnest-backend/vendor/laravel/framework/src/Illuminate/Http/Middleware/TrustProxies.php(58): Illuminate/Pipeline/Pipeline->Illuminate/Pipeline/{closure}(Object(Illuminate/Http/Request))
#42 C:/Users/joshu/Desktop/FindNest/FindNest/findnest-backend/vendor/laravel/framework/src/Illuminate/Pipeline/Pipeline.php(209): Illuminate/Http/Middleware/TrustProxies->handle(Object(Illuminate/Http/Request), Object(Closure))
#43 C:/Users/joshu/Desktop/FindNest/FindNest/findnest-backend/vendor/laravel/framework/src/Illuminate/Foundation/Http/Middleware/InvokeDeferredCallbacks.php(22): Illuminate/Pipeline/Pipeline->Illuminate/Pipeline/{closure}(Object(Illuminate/Http/Request))
#44 C:/Users/joshu/Desktop/FindNest/FindNest/findnest-backend/vendor/laravel/framework/src/Illuminate/Pipeline/Pipeline.php(209): Illuminate/Foundation/Http/Middleware/InvokeDeferredCallbacks->handle(Object(Illuminate/Http/Request), Object(Closure))
#45 C:/Users/joshu/Desktop/FindNest/FindNest/findnest-backend/vendor/laravel/framework/src/Illuminate/Pipeline/Pipeline.php(127): Illuminate/Pipeline/Pipeline->Illuminate/Pipeline/{closure}(Object(Illuminate/Http/Request))
#46 C:/Users/joshu/Desktop/FindNest/FindNest/findnest-backend/vendor/laravel/framework/src/Illuminate/Foundation/Http/Kernel.php(176): Illuminate/Pipeline/Pipeline->then(Object(Closure))
#47 C:/Users/joshu/Desktop/FindNest/FindNest/findnest-backend/vendor/laravel/framework/src/Illuminate/Foundation/Http/Kernel.php(145): Illuminate/Foundation/Http/Kernel->sendRequestThroughRouter(Object(Illuminate/Http/Request))
#48 C:/Users/joshu/Desktop/FindNest/FindNest/findnest-backend/vendor/laravel/framework/src/Illuminate/Foundation/Application.php(1220): Illuminate/Foundation/Http/Kernel->handle(Object(Illuminate/Http/Request))
#49 C:/Users/joshu/Desktop/FindNest/FindNest/findnest-backend/public/index.php(17): Illuminate/Foundation/Application->handleRequest(Object(Illuminate/Http/Request))
#50 C:/Users/joshu/Desktop/FindNest/FindNest/findnest-backend/vendor/laravel/framework/src/Illuminate/Foundation/resources/server.php(23): require_once('C://Users//joshu//...')
#51 {main}

[previous exception] [object] (Illuminate\\Database\\SQLiteDatabaseDoesNotExistException(code: 0): Database file at path [C:\\Users\\joshu\\Desktop\\FindNest\\FindNest\\findnest-backend\\database\\database.sqlite] does not exist. Ensure this is an absolute path to the database. at C:/Users/joshu/Desktop/FindNest/FindNest/findnest-backend/vendor/laravel/framework/src/Illuminate/Database/Connectors/SQLiteConnector.php:37)
[stacktrace]
#0 C:/Users/joshu/Desktop/FindNest/FindNest/findnest-backend/vendor/laravel/framework/src/Illuminate/Database/Connectors/ConnectionFactory.php(224): Illuminate/Database/Connectors/SQLiteConnector->connect(Array)
#1 [internal function]: Illuminate/Database/Connectors/ConnectionFactory->Illuminate/Database/Connectors/{closure}()
#2 C:/Users/joshu/Desktop/FindNest/FindNest/findnest-backend/vendor/laravel/framework/src/Illuminate/Database/Connection.php(1231): call_user_func(Object(Closure))
#3 C:/Users/joshu/Desktop/FindNest/FindNest/findnest-backend/vendor/laravel/framework/src/Illuminate/Database/Connection.php(512): Illuminate/Database/Connection->getPdo()
#4 C:/Users/joshu/Desktop/FindNest/FindNest/findnest-backend/vendor/laravel/framework/src/Illuminate/Database/Connection.php(407): Illuminate/Database/Connection->getPdoForSelect(false)
#5 C:/Users/joshu/Desktop/FindNest/FindNest/findnest-backend/vendor/laravel/framework/src/Illuminate/Database/Connection.php(812): Illuminate/Database/Connection->Illuminate/Database/{closure}('select * from \"...', Array)
#6 C:/Users/joshu/Desktop/FindNest/FindNest/findnest-backend/vendor/laravel/framework/src/Illuminate/Database/Connection.php(779): Illuminate/Database/Connection->runQueryCallback('select * from \"...', Array, Object(Closure))
#7 C:/Users/joshu/Desktop/FindNest/FindNest/findnest-backend/vendor/laravel/framework/src/Illuminate/Database/Connection.php(398): Illuminate/Database/Connection->run('select * from \"...', Array, Object(Closure))
#8 C:/Users/joshu/Desktop/FindNest/FindNest/findnest-backend/vendor/laravel/framework/src/Illuminate/Database/Query/Builder.php(3106): Illuminate/Database/Connection->select('select * from \"...', Array, false)
#9 C:/Users/joshu/Desktop/FindNest/FindNest/findnest-backend/vendor/laravel/framework/src/Illuminate/Database/Query/Builder.php(3091): Illuminate/Database/Query/Builder->runSelect()
#10 C:/Users/joshu/Desktop/FindNest/FindNest/findnest-backend/vendor/laravel/framework/src/Illuminate/Database/Query/Builder.php(3676): Illuminate/Database/Query/Builder->Illuminate/Database/Query/{closure}()
#11 C:/Users/joshu/Desktop/FindNest/FindNest/findnest-backend/vendor/laravel/framework/src/Illuminate/Database/Query/Builder.php(3090): Illuminate/Database/Query/Builder->onceWithColumns(Array, Object(Closure))
#12 C:/Users/joshu/Desktop/FindNest/FindNest/findnest-backend/vendor/laravel/framework/src/Illuminate/Database/Concerns/BuildsQueries.php(343): Illuminate/Database/Query/Builder->get(Array)
#13 C:/Users/joshu/Desktop/FindNest/FindNest/findnest-backend/vendor/laravel/framework/src/Illuminate/Database/Query/Builder.php(3013): Illuminate/Database/Query/Builder->first(Array)
#14 C:/Users/joshu/Desktop/FindNest/FindNest/findnest-backend/vendor/laravel/framework/src/Illuminate/Session/DatabaseSessionHandler.php(97): Illuminate/Database/Query/Builder->find('VQoNeRxZ2l8cpy8...')
#15 C:/Users/joshu/Desktop/FindNest/FindNest/findnest-backend/vendor/laravel/framework/src/Illuminate/Session/Store.php(117): Illuminate/Session/DatabaseSessionHandler->read('VQoNeRxZ2l8cpy8...')
#16 C:/Users/joshu/Desktop/FindNest/FindNest/findnest-backend/vendor/laravel/framework/src/Illuminate/Session/Store.php(105): Illuminate/Session/Store->readFromHandler()
#17 C:/Users/joshu/Desktop/FindNest/FindNest/findnest-backend/vendor/laravel/framework/src/Illuminate/Session/Store.php(89): Illuminate/Session/Store->loadSession()
#18 C:/Users/joshu/Desktop/FindNest/FindNest/findnest-backend/vendor/laravel/framework/src/Illuminate/Session/Middleware/StartSession.php(147): Illuminate/Session/Store->start()
#19 C:/Users/joshu/Desktop/FindNest/FindNest/findnest-backend/vendor/laravel/framework/src/Illuminate/Support/helpers.php(399): Illuminate/Session/Middleware/StartSession->Illuminate/Session/Middleware/{closure}(Object(Illuminate/Session/Store))
#20 C:/Users/joshu/Desktop/FindNest/FindNest/findnest-backend/vendor/laravel/framework/src/Illuminate/Session/Middleware/StartSession.php(144): tap(Object(Illuminate/Session/Store), Object(Closure))
#21 C:/Users/joshu/Desktop/FindNest/FindNest/findnest-backend/vendor/laravel/framework/src/Illuminate/Session/Middleware/StartSession.php(116): Illuminate/Session/Middleware/StartSession->startSession(Object(Illuminate/Http/Request), Object(Illuminate/Session/Store))
#22 C:/Users/joshu/Desktop/FindNest/FindNest/findnest-backend/vendor/laravel/framework/src/Illuminate/Session/Middleware/StartSession.php(64): Illuminate/Session/Middleware/StartSession->handleStatefulRequest(Object(Illuminate/Http/Request), Object(Illuminate/Session/Store), Object(Closure))
#23 C:/Users/joshu/Desktop/FindNest/FindNest/findnest-backend/vendor/laravel/framework/src/Illuminate/Pipeline/Pipeline.php(209): Illuminate/Session/Middleware/StartSession->handle(Object(Illuminate/Http/Request), Object(Closure))
#24 C:/Users/joshu/Desktop/FindNest/FindNest/findnest-backend/vendor/laravel/framework/src/Illuminate/Cookie/Middleware/AddQueuedCookiesToResponse.php(37): Illuminate/Pipeline/Pipeline->Illuminate/Pipeline/{closure}(Object(Illuminate/Http/Request))
#25 C:/Users/joshu/Desktop/FindNest/FindNest/findnest-backend/vendor/laravel/framework/src/Illuminate/Pipeline/Pipeline.php(209): Illuminate/Cookie/Middleware/AddQueuedCookiesToResponse->handle(Object(Illuminate/Http/Request), Object(Closure))
#26 C:/Users/joshu/Desktop/FindNest/FindNest/findnest-backend/vendor/laravel/framework/src/Illuminate/Cookie/Middleware/EncryptCookies.php(75): Illuminate/Pipeline/Pipeline->Illuminate/Pipeline/{closure}(Object(Illuminate/Http/Request))
#27 C:/Users/joshu/Desktop/FindNest/FindNest/findnest-backend/vendor/laravel/framework/src/Illuminate/Pipeline/Pipeline.php(209): Illuminate/Cookie/Middleware/EncryptCookies->handle(Object(Illuminate/Http/Request), Object(Closure))
#28 C:/Users/joshu/Desktop/FindNest/FindNest/findnest-backend/vendor/laravel/framework/src/Illuminate/Pipeline/Pipeline.php(127): Illuminate/Pipeline/Pipeline->Illuminate/Pipeline/{closure}(Object(Illuminate/Http/Request))
#29 C:/Users/joshu/Desktop/FindNest/FindNest/findnest-backend/vendor/laravel/framework/src/Illuminate/Routing/Router.php(807): Illuminate/Pipeline/Pipeline->then(Object(Closure))
#30 C:/Users/joshu/Desktop/FindNest/FindNest/findnest-backend/vendor/laravel/framework/src/Illuminate/Routing/Router.php(786): Illuminate/Routing/Router->runRouteWithinStack(Object(Illuminate/Routing/Route), Object(Illuminate/Http/Request))
#31 C:/Users/joshu/Desktop/FindNest/FindNest/findnest-backend/vendor/laravel/framework/src/Illuminate/Routing/Router.php(750): Illuminate/Routing/Router->runRoute(Object(Illuminate/Http/Request), Object(Illuminate/Routing/Route))
#32 C:/Users/joshu/Desktop/FindNest/FindNest/findnest-backend/vendor/laravel/framework/src/Illuminate/Routing/Router.php(739): Illuminate/Routing/Router->dispatchToRoute(Object(Illuminate/Http/Request))
#33 C:/Users/joshu/Desktop/FindNest/FindNest/findnest-backend/vendor/laravel/framework/src/Illuminate/Foundation/Http/Kernel.php(201): Illuminate/Routing/Router->dispatch(Object(Illuminate/Http/Request))
#34 C:/Users/joshu/Desktop/FindNest/FindNest/findnest-backend/vendor/laravel/framework/src/Illuminate/Pipeline/Pipeline.php(170): Illuminate/Foundation/Http/Kernel->Illuminate/Foundation/Http/{closure}(Object(Illuminate/Http/Request))
#35 C:/Users/joshu/Desktop/FindNest/FindNest/findnest-backend/vendor/laravel/framework/src/Illuminate/Foundation/Http/Middleware/TransformsRequest.php(21): Illuminate/Pipeline/Pipeline->Illuminate/Pipeline/{closure}(Object(Illuminate/Http/Request))
#36 C:/Users/joshu/Desktop/FindNest/FindNest/findnest-backend/vendor/laravel/framework/src/Illuminate/Foundation/Http/Middleware/ConvertEmptyStringsToNull.php(31): Illuminate/Foundation/Http/Middleware/TransformsRequest->handle(Object(Illuminate/Http/Request), Object(Closure))
#37 C:/Users/joshu/Desktop/FindNest/FindNest/findnest-backend/vendor/laravel/framework/src/Illuminate/Pipeline/Pipeline.php(209): Illuminate/Foundation/Http/Middleware/ConvertEmptyStringsToNull->handle(Object(Illuminate/Http/Request), Object(Closure))
#38 C:/Users/joshu/Desktop/FindNest/FindNest/findnest-backend/vendor/laravel/framework/src/Illuminate/Foundation/Http/Middleware/TransformsRequest.php(21): Illuminate/Pipeline/Pipeline->Illuminate/Pipeline/{closure}(Object(Illuminate/Http/Request))
#39 C:/Users/joshu/Desktop/FindNest/FindNest/findnest-backend/vendor/laravel/framework/src/Illuminate/Foundation/Http/Middleware/TrimStrings.php(51): Illuminate/Foundation/Http/Middleware/TransformsRequest->handle(Object(Illuminate/Http/Request), Object(Closure))
#40 C:/Users/joshu/Desktop/FindNest/FindNest/findnest-backend/vendor/laravel/framework/src/Illuminate/Pipeline/Pipeline.php(209): Illuminate/Foundation/Http/Middleware/TrimStrings->handle(Object(Illuminate/Http/Request), Object(Closure))
#41 C:/Users/joshu/Desktop/FindNest/FindNest/findnest-backend/vendor/laravel/framework/src/Illuminate/Http/Middleware/ValidatePostSize.php(27): Illuminate/Pipeline/Pipeline->Illuminate/Pipeline/{closure}(Object(Illuminate/Http/Request))
#42 C:/Users/joshu/Desktop/FindNest/FindNest/findnest-backend/vendor/laravel/framework/src/Illuminate/Pipeline/Pipeline.php(209): Illuminate/Http/Middleware/ValidatePostSize->handle(Object(Illuminate/Http/Request), Object(Closure))
#43 C:/Users/joshu/Desktop/FindNest/FindNest/findnest-backend/vendor/laravel/framework/src/Illuminate/Foundation/Http/Middleware/PreventRequestsDuringMaintenance.php(110): Illuminate/Pipeline/Pipeline->Illuminate/Pipeline/{closure}(Object(Illuminate/Http/Request))
#44 C:/Users/joshu/Desktop/FindNest/FindNest/findnest-backend/vendor/laravel/framework/src/Illuminate/Pipeline/Pipeline.php(209): Illuminate/Foundation/Http/Middleware/PreventRequestsDuringMaintenance->handle(Object(Illuminate/Http/Request), Object(Closure))
#45 C:/Users/joshu/Desktop/FindNest/FindNest/findnest-backend/vendor/laravel/framework/src/Illuminate/Http/Middleware/HandleCors.php(49): Illuminate/Pipeline/Pipeline->Illuminate/Pipeline/{closure}(Object(Illuminate/Http/Request))
#46 C:/Users/joshu/Desktop/FindNest/FindNest/findnest-backend/vendor/laravel/framework/src/Illuminate/Pipeline/Pipeline.php(209): Illuminate/Http/Middleware/HandleCors->handle(Object(Illuminate/Http/Request), Object(Closure))
#47 C:/Users/joshu/Desktop/FindNest/FindNest/findnest-backend/vendor/laravel/framework/src/Illuminate/Http/Middleware/TrustProxies.php(58): Illuminate/Pipeline/Pipeline->Illuminate/Pipeline/{closure}(Object(Illuminate/Http/Request))
#48 C:/Users/joshu/Desktop/FindNest/FindNest/findnest-backend/vendor/laravel/framework/src/Illuminate/Pipeline/Pipeline.php(209): Illuminate/Http/Middleware/TrustProxies->handle(Object(Illuminate/Http/Request), Object(Closure))
#49 C:/Users/joshu/Desktop/FindNest/FindNest/findnest-backend/vendor/laravel/framework/src/Illuminate/Foundation/Http/Middleware/InvokeDeferredCallbacks.php(22): Illuminate/Pipeline/Pipeline->Illuminate/Pipeline/{closure}(Object(Illuminate/Http/Request))
#50 C:/Users/joshu/Desktop/FindNest/FindNest/findnest-backend/vendor/laravel/framework/src/Illuminate/Pipeline/Pipeline.php(209): Illuminate/Foundation/Http/Middleware/InvokeDeferredCallbacks->handle(Object(Illuminate/Http/Request), Object(Closure))
#51 C:/Users/joshu/Desktop/FindNest/FindNest/findnest-backend/vendor/laravel/framework/src/Illuminate/Pipeline/Pipeline.php(127): Illuminate/Pipeline/Pipeline->Illuminate/Pipeline/{closure}(Object(Illuminate/Http/Request))
#52 C:/Users/joshu/Desktop/FindNest/FindNest/findnest-backend/vendor/laravel/framework/src/Illuminate/Foundation/Http/Kernel.php(176): Illuminate/Pipeline/Pipeline->then(Object(Closure))
#53 C:/Users/joshu/Desktop/FindNest/FindNest/findnest-backend/vendor/laravel/framework/src/Illuminate/Foundation/Http/Kernel.php(145): Illuminate/Foundation/Http/Kernel->sendRequestThroughRouter(Object(Illuminate/Http/Request))
#54 C:/Users/joshu/Desktop/FindNest/FindNest/findnest-backend/vendor/laravel/framework/src/Illuminate/Foundation/Application.php(1220): Illuminate/Foundation/Http/Kernel->handle(Object(Illuminate/Http/Request))
#55 C:/Users/joshu/Desktop/FindNest/FindNest/findnest-backend/public/index.php(17): Illuminate/Foundation/Application->handleRequest(Object(Illuminate/Http/Request))
#56 C:/Users/joshu/Desktop/FindNest/FindNest/findnest-backend/vendor/laravel/framework/src/Illuminate/Foundation/resources/server.php(23): require_once('C://Users//joshu//...')
#57 {main}
"} 
[2026-07-19 03:16:36] local.ERROR: Database file at path [C:\Users\joshu\Desktop\FindNest\FindNest\findnest-backend\database\database.sqlite] does not exist. Ensure this is an absolute path to the database. (Connection: sqlite, SQL: select * from "sessions" where "id" = G237GUaHhS6keFWoTkk2B98IPIokLuk0lmEB4wD9 limit 1) {"exception":"[object] (Illuminate\\Database\\QueryException(code: 0): Database file at path [C:\\Users\\joshu\\Desktop\\FindNest\\FindNest\\findnest-backend\\database\\database.sqlite] does not exist. Ensure this is an absolute path to the database. (Connection: sqlite, SQL: select * from \"sessions\" where \"id\" = G237GUaHhS6keFWoTkk2B98IPIokLuk0lmEB4wD9 limit 1) at C:/Users/joshu/Desktop/FindNest/FindNest/findnest-backend/vendor/laravel/framework/src/Illuminate/Database/Connection.php:825)
[stacktrace]
#0 C:/Users/joshu/Desktop/FindNest/FindNest/findnest-backend/vendor/laravel/framework/src/Illuminate/Database/Connection.php(779): Illuminate/Database/Connection->runQueryCallback('select * from \"...', Array, Object(Closure))
#1 C:/Users/joshu/Desktop/FindNest/FindNest/findnest-backend/vendor/laravel/framework/src/Illuminate/Database/Connection.php(398): Illuminate/Database/Connection->run('select * from \"...', Array, Object(Closure))
#2 C:/Users/joshu/Desktop/FindNest/FindNest/findnest-backend/vendor/laravel/framework/src/Illuminate/Database/Query/Builder.php(3106): Illuminate/Database/Connection->select('select * from \"...', Array, false)
#3 C:/Users/joshu/Desktop/FindNest/FindNest/findnest-backend/vendor/laravel/framework/src/Illuminate/Database/Query/Builder.php(3091): Illuminate/Database/Query/Builder->runSelect()
#4 C:/Users/joshu/Desktop/FindNest/FindNest/findnest-backend/vendor/laravel/framework/src/Illuminate/Database/Query/Builder.php(3676): Illuminate/Database/Query/Builder->Illuminate/Database/Query/{closure}()
#5 C:/Users/joshu/Desktop/FindNest/FindNest/findnest-backend/vendor/laravel/framework/src/Illuminate/Database/Query/Builder.php(3090): Illuminate/Database/Query/Builder->onceWithColumns(Array, Object(Closure))
#6 C:/Users/joshu/Desktop/FindNest/FindNest/findnest-backend/vendor/laravel/framework/src/Illuminate/Database/Concerns/BuildsQueries.php(343): Illuminate/Database/Query/Builder->get(Array)
#7 C:/Users/joshu/Desktop/FindNest/FindNest/findnest-backend/vendor/laravel/framework/src/Illuminate/Database/Query/Builder.php(3013): Illuminate/Database/Query/Builder->first(Array)
#8 C:/Users/joshu/Desktop/FindNest/FindNest/findnest-backend/vendor/laravel/framework/src/Illuminate/Session/DatabaseSessionHandler.php(97): Illuminate/Database/Query/Builder->find('G237GUaHhS6keFW...')
#9 C:/Users/joshu/Desktop/FindNest/FindNest/findnest-backend/vendor/laravel/framework/src/Illuminate/Session/Store.php(117): Illuminate/Session/DatabaseSessionHandler->read('G237GUaHhS6keFW...')
#10 C:/Users/joshu/Desktop/FindNest/FindNest/findnest-backend/vendor/laravel/framework/src/Illuminate/Session/Store.php(105): Illuminate/Session/Store->readFromHandler()
#11 C:/Users/joshu/Desktop/FindNest/FindNest/findnest-backend/vendor/laravel/framework/src/Illuminate/Session/Store.php(89): Illuminate/Session/Store->loadSession()
#12 C:/Users/joshu/Desktop/FindNest/FindNest/findnest-backend/vendor/laravel/framework/src/Illuminate/Session/Middleware/StartSession.php(147): Illuminate/Session/Store->start()
#13 C:/Users/joshu/Desktop/FindNest/FindNest/findnest-backend/vendor/laravel/framework/src/Illuminate/Support/helpers.php(399): Illuminate/Session/Middleware/StartSession->Illuminate/Session/Middleware/{closure}(Object(Illuminate/Session/Store))
#14 C:/Users/joshu/Desktop/FindNest/FindNest/findnest-backend/vendor/laravel/framework/src/Illuminate/Session/Middleware/StartSession.php(144): tap(Object(Illuminate/Session/Store), Object(Closure))
#15 C:/Users/joshu/Desktop/FindNest/FindNest/findnest-backend/vendor/laravel/framework/src/Illuminate/Session/Middleware/StartSession.php(116): Illuminate/Session/Middleware/StartSession->startSession(Object(Illuminate/Http/Request), Object(Illuminate/Session/Store))
#16 C:/Users/joshu/Desktop/FindNest/FindNest/findnest-backend/vendor/laravel/framework/src/Illuminate/Session/Middleware/StartSession.php(64): Illuminate/Session/Middleware/StartSession->handleStatefulRequest(Object(Illuminate/Http/Request), Object(Illuminate/Session/Store), Object(Closure))
#17 C:/Users/joshu/Desktop/FindNest/FindNest/findnest-backend/vendor/laravel/framework/src/Illuminate/Pipeline/Pipeline.php(209): Illuminate/Session/Middleware/StartSession->handle(Object(Illuminate/Http/Request), Object(Closure))
#18 C:/Users/joshu/Desktop/FindNest/FindNest/findnest-backend/vendor/laravel/framework/src/Illuminate/Cookie/Middleware/AddQueuedCookiesToResponse.php(37): Illuminate/Pipeline/Pipeline->Illuminate/Pipeline/{closure}(Object(Illuminate/Http/Request))
#19 C:/Users/joshu/Desktop/FindNest/FindNest/findnest-backend/vendor/laravel/framework/src/Illuminate/Pipeline/Pipeline.php(209): Illuminate/Cookie/Middleware/AddQueuedCookiesToResponse->handle(Object(Illuminate/Http/Request), Object(Closure))
#20 C:/Users/joshu/Desktop/FindNest/FindNest/findnest-backend/vendor/laravel/framework/src/Illuminate/Cookie/Middleware/EncryptCookies.php(75): Illuminate/Pipeline/Pipeline->Illuminate/Pipeline/{closure}(Object(Illuminate/Http/Request))
#21 C:/Users/joshu/Desktop/FindNest/FindNest/findnest-backend/vendor/laravel/framework/src/Illuminate/Pipeline/Pipeline.php(209): Illuminate/Cookie/Middleware/EncryptCookies->handle(Object(Illuminate/Http/Request), Object(Closure))
#22 C:/Users/joshu/Desktop/FindNest/FindNest/findnest-backend/vendor/laravel/framework/src/Illuminate/Pipeline/Pipeline.php(127): Illuminate/Pipeline/Pipeline->Illuminate/Pipeline/{closure}(Object(Illuminate/Http/Request))
#23 C:/Users/joshu/Desktop/FindNest/FindNest/findnest-backend/vendor/laravel/framework/src/Illuminate/Routing/Router.php(807): Illuminate/Pipeline/Pipeline->then(Object(Closure))
#24 C:/Users/joshu/Desktop/FindNest/FindNest/findnest-backend/vendor/laravel/framework/src/Illuminate/Routing/Router.php(786): Illuminate/Routing/Router->runRouteWithinStack(Object(Illuminate/Routing/Route), Object(Illuminate/Http/Request))
#25 C:/Users/joshu/Desktop/FindNest/FindNest/findnest-backend/vendor/laravel/framework/src/Illuminate/Routing/Router.php(750): Illuminate/Routing/Router->runRoute(Object(Illuminate/Http/Request), Object(Illuminate/Routing/Route))
#26 C:/Users/joshu/Desktop/FindNest/FindNest/findnest-backend/vendor/laravel/framework/src/Illuminate/Routing/Router.php(739): Illuminate/Routing/Router->dispatchToRoute(Object(Illuminate/Http/Request))
#27 C:/Users/joshu/Desktop/FindNest/FindNest/findnest-backend/vendor/laravel/framework/src/Illuminate/Foundation/Http/Kernel.php(201): Illuminate/Routing/Router->dispatch(Object(Illuminate/Http/Request))
#28 C:/Users/joshu/Desktop/FindNest/FindNest/findnest-backend/vendor/laravel/framework/src/Illuminate/Pipeline/Pipeline.php(170): Illuminate/Foundation/Http/Kernel->Illuminate/Foundation/Http/{closure}(Object(Illuminate/Http/Request))
#29 C:/Users/joshu/Desktop/FindNest/FindNest/findnest-backend/vendor/laravel/framework/src/Illuminate/Foundation/Http/Middleware/TransformsRequest.php(21): Illuminate/Pipeline/Pipeline->Illuminate/Pipeline/{closure}(Object(Illuminate/Http/Request))
#30 C:/Users/joshu/Desktop/FindNest/FindNest/findnest-backend/vendor/laravel/framework/src/Illuminate/Foundation/Http/Middleware/ConvertEmptyStringsToNull.php(31): Illuminate/Foundation/Http/Middleware/TransformsRequest->handle(Object(Illuminate/Http/Request), Object(Closure))
#31 C:/Users/joshu/Desktop/FindNest/FindNest/findnest-backend/vendor/laravel/framework/src/Illuminate/Pipeline/Pipeline.php(209): Illuminate/Foundation/Http/Middleware/ConvertEmptyStringsToNull->handle(Object(Illuminate/Http/Request), Object(Closure))
#32 C:/Users/joshu/Desktop/FindNest/FindNest/findnest-backend/vendor/laravel/framework/src/Illuminate/Foundation/Http/Middleware/TransformsRequest.php(21): Illuminate/Pipeline/Pipeline->Illuminate/Pipeline/{closure}(Object(Illuminate/Http/Request))
#33 C:/Users/joshu/Desktop/FindNest/FindNest/findnest-backend/vendor/laravel/framework/src/Illuminate/Foundation/Http/Middleware/TrimStrings.php(51): Illuminate/Foundation/Http/Middleware/TransformsRequest->handle(Object(Illuminate/Http/Request), Object(Closure))
#34 C:/Users/joshu/Desktop/FindNest/FindNest/findnest-backend/vendor/laravel/framework/src/Illuminate/Pipeline/Pipeline.php(209): Illuminate/Foundation/Http/Middleware/TrimStrings->handle(Object(Illuminate/Http/Request), Object(Closure))
#35 C:/Users/joshu/Desktop/FindNest/FindNest/findnest-backend/vendor/laravel/framework/src/Illuminate/Http/Middleware/ValidatePostSize.php(27): Illuminate/Pipeline/Pipeline->Illuminate/Pipeline/{closure}(Object(Illuminate/Http/Request))
#36 C:/Users/joshu/Desktop/FindNest/FindNest/findnest-backend/vendor/laravel/framework/src/Illuminate/Pipeline/Pipeline.php(209): Illuminate/Http/Middleware/ValidatePostSize->handle(Object(Illuminate/Http/Request), Object(Closure))
#37 C:/Users/joshu/Desktop/FindNest/FindNest/findnest-backend/vendor/laravel/framework/src/Illuminate/Foundation/Http/Middleware/PreventRequestsDuringMaintenance.php(110): Illuminate/Pipeline/Pipeline->Illuminate/Pipeline/{closure}(Object(Illuminate/Http/Request))
#38 C:/Users/joshu/Desktop/FindNest/FindNest/findnest-backend/vendor/laravel/framework/src/Illuminate/Pipeline/Pipeline.php(209): Illuminate/Foundation/Http/Middleware/PreventRequestsDuringMaintenance->handle(Object(Illuminate/Http/Request), Object(Closure))
#39 C:/Users/joshu/Desktop/FindNest/FindNest/findnest-backend/vendor/laravel/framework/src/Illuminate/Http/Middleware/HandleCors.php(49): Illuminate/Pipeline/Pipeline->Illuminate/Pipeline/{closure}(Object(Illuminate/Http/Request))
#40 C:/Users/joshu/Desktop/FindNest/FindNest/findnest-backend/vendor/laravel/framework/src/Illuminate/Pipeline/Pipeline.php(209): Illuminate/Http/Middleware/HandleCors->handle(Object(Illuminate/Http/Request), Object(Closure))
#41 C:/Users/joshu/Desktop/FindNest/FindNest/findnest-backend/vendor/laravel/framework/src/Illuminate/Http/Middleware/TrustProxies.php(58): Illuminate/Pipeline/Pipeline->Illuminate/Pipeline/{closure}(Object(Illuminate/Http/Request))
#42 C:/Users/joshu/Desktop/FindNest/FindNest/findnest-backend/vendor/laravel/framework/src/Illuminate/Pipeline/Pipeline.php(209): Illuminate/Http/Middleware/TrustProxies->handle(Object(Illuminate/Http/Request), Object(Closure))
#43 C:/Users/joshu/Desktop/FindNest/FindNest/findnest-backend/vendor/laravel/framework/src/Illuminate/Foundation/Http/Middleware/InvokeDeferredCallbacks.php(22): Illuminate/Pipeline/Pipeline->Illuminate/Pipeline/{closure}(Object(Illuminate/Http/Request))
#44 C:/Users/joshu/Desktop/FindNest/FindNest/findnest-backend/vendor/laravel/framework/src/Illuminate/Pipeline/Pipeline.php(209): Illuminate/Foundation/Http/Middleware/InvokeDeferredCallbacks->handle(Object(Illuminate/Http/Request), Object(Closure))
#45 C:/Users/joshu/Desktop/FindNest/FindNest/findnest-backend/vendor/laravel/framework/src/Illuminate/Pipeline/Pipeline.php(127): Illuminate/Pipeline/Pipeline->Illuminate/Pipeline/{closure}(Object(Illuminate/Http/Request))
#46 C:/Users/joshu/Desktop/FindNest/FindNest/findnest-backend/vendor/laravel/framework/src/Illuminate/Foundation/Http/Kernel.php(176): Illuminate/Pipeline/Pipeline->then(Object(Closure))
#47 C:/Users/joshu/Desktop/FindNest/FindNest/findnest-backend/vendor/laravel/framework/src/Illuminate/Foundation/Http/Kernel.php(145): Illuminate/Foundation/Http/Kernel->sendRequestThroughRouter(Object(Illuminate/Http/Request))
#48 C:/Users/joshu/Desktop/FindNest/FindNest/findnest-backend/vendor/laravel/framework/src/Illuminate/Foundation/Application.php(1220): Illuminate/Foundation/Http/Kernel->handle(Object(Illuminate/Http/Request))
#49 C:/Users/joshu/Desktop/FindNest/FindNest/findnest-backend/public/index.php(17): Illuminate/Foundation/Application->handleRequest(Object(Illuminate/Http/Request))
#50 C:/Users/joshu/Desktop/FindNest/FindNest/findnest-backend/vendor/laravel/framework/src/Illuminate/Foundation/resources/server.php(23): require_once('C://Users//joshu//...')
#51 {main}

[previous exception] [object] (Illuminate\\Database\\SQLiteDatabaseDoesNotExistException(code: 0): Database file at path [C:\\Users\\joshu\\Desktop\\FindNest\\FindNest\\findnest-backend\\database\\database.sqlite] does not exist. Ensure this is an absolute path to the database. at C:/Users/joshu/Desktop/FindNest/FindNest/findnest-backend/vendor/laravel/framework/src/Illuminate/Database/Connectors/SQLiteConnector.php:37)
[stacktrace]
#0 C:/Users/joshu/Desktop/FindNest/FindNest/findnest-backend/vendor/laravel/framework/src/Illuminate/Database/Connectors/ConnectionFactory.php(224): Illuminate/Database/Connectors/SQLiteConnector->connect(Array)
#1 [internal function]: Illuminate/Database/Connectors/ConnectionFactory->Illuminate/Database/Connectors/{closure}()
#2 C:/Users/joshu/Desktop/FindNest/FindNest/findnest-backend/vendor/laravel/framework/src/Illuminate/Database/Connection.php(1231): call_user_func(Object(Closure))
#3 C:/Users/joshu/Desktop/FindNest/FindNest/findnest-backend/vendor/laravel/framework/src/Illuminate/Database/Connection.php(512): Illuminate/Database/Connection->getPdo()
#4 C:/Users/joshu/Desktop/FindNest/FindNest/findnest-backend/vendor/laravel/framework/src/Illuminate/Database/Connection.php(407): Illuminate/Database/Connection->getPdoForSelect(false)
#5 C:/Users/joshu/Desktop/FindNest/FindNest/findnest-backend/vendor/laravel/framework/src/Illuminate/Database/Connection.php(812): Illuminate/Database/Connection->Illuminate/Database/{closure}('select * from \"...', Array)
#6 C:/Users/joshu/Desktop/FindNest/FindNest/findnest-backend/vendor/laravel/framework/src/Illuminate/Database/Connection.php(779): Illuminate/Database/Connection->runQueryCallback('select * from \"...', Array, Object(Closure))
#7 C:/Users/joshu/Desktop/FindNest/FindNest/findnest-backend/vendor/laravel/framework/src/Illuminate/Database/Connection.php(398): Illuminate/Database/Connection->run('select * from \"...', Array, Object(Closure))
#8 C:/Users/joshu/Desktop/FindNest/FindNest/findnest-backend/vendor/laravel/framework/src/Illuminate/Database/Query/Builder.php(3106): Illuminate/Database/Connection->select('select * from \"...', Array, false)
#9 C:/Users/joshu/Desktop/FindNest/FindNest/findnest-backend/vendor/laravel/framework/src/Illuminate/Database/Query/Builder.php(3091): Illuminate/Database/Query/Builder->runSelect()
#10 C:/Users/joshu/Desktop/FindNest/FindNest/findnest-backend/vendor/laravel/framework/src/Illuminate/Database/Query/Builder.php(3676): Illuminate/Database/Query/Builder->Illuminate/Database/Query/{closure}()
#11 C:/Users/joshu/Desktop/FindNest/FindNest/findnest-backend/vendor/laravel/framework/src/Illuminate/Database/Query/Builder.php(3090): Illuminate/Database/Query/Builder->onceWithColumns(Array, Object(Closure))
#12 C:/Users/joshu/Desktop/FindNest/FindNest/findnest-backend/vendor/laravel/framework/src/Illuminate/Database/Concerns/BuildsQueries.php(343): Illuminate/Database/Query/Builder->get(Array)
#13 C:/Users/joshu/Desktop/FindNest/FindNest/findnest-backend/vendor/laravel/framework/src/Illuminate/Database/Query/Builder.php(3013): Illuminate/Database/Query/Builder->first(Array)
#14 C:/Users/joshu/Desktop/FindNest/FindNest/findnest-backend/vendor/laravel/framework/src/Illuminate/Session/DatabaseSessionHandler.php(97): Illuminate/Database/Query/Builder->find('G237GUaHhS6keFW...')
#15 C:/Users/joshu/Desktop/FindNest/FindNest/findnest-backend/vendor/laravel/framework/src/Illuminate/Session/Store.php(117): Illuminate/Session/DatabaseSessionHandler->read('G237GUaHhS6keFW...')
#16 C:/Users/joshu/Desktop/FindNest/FindNest/findnest-backend/vendor/laravel/framework/src/Illuminate/Session/Store.php(105): Illuminate/Session/Store->readFromHandler()
#17 C:/Users/joshu/Desktop/FindNest/FindNest/findnest-backend/vendor/laravel/framework/src/Illuminate/Session/Store.php(89): Illuminate/Session/Store->loadSession()
#18 C:/Users/joshu/Desktop/FindNest/FindNest/findnest-backend/vendor/laravel/framework/src/Illuminate/Session/Middleware/StartSession.php(147): Illuminate/Session/Store->start()
#19 C:/Users/joshu/Desktop/FindNest/FindNest/findnest-backend/vendor/laravel/framework/src/Illuminate/Support/helpers.php(399): Illuminate/Session/Middleware/StartSession->Illuminate/Session/Middleware/{closure}(Object(Illuminate/Session/Store))
#20 C:/Users/joshu/Desktop/FindNest/FindNest/findnest-backend/vendor/laravel/framework/src/Illuminate/Session/Middleware/StartSession.php(144): tap(Object(Illuminate/Session/Store), Object(Closure))
#21 C:/Users/joshu/Desktop/FindNest/FindNest/findnest-backend/vendor/laravel/framework/src/Illuminate/Session/Middleware/StartSession.php(116): Illuminate/Session/Middleware/StartSession->startSession(Object(Illuminate/Http/Request), Object(Illuminate/Session/Store))
#22 C:/Users/joshu/Desktop/FindNest/FindNest/findnest-backend/vendor/laravel/framework/src/Illuminate/Session/Middleware/StartSession.php(64): Illuminate/Session/Middleware/StartSession->handleStatefulRequest(Object(Illuminate/Http/Request), Object(Illuminate/Session/Store), Object(Closure))
#23 C:/Users/joshu/Desktop/FindNest/FindNest/findnest-backend/vendor/laravel/framework/src/Illuminate/Pipeline/Pipeline.php(209): Illuminate/Session/Middleware/StartSession->handle(Object(Illuminate/Http/Request), Object(Closure))
#24 C:/Users/joshu/Desktop/FindNest/FindNest/findnest-backend/vendor/laravel/framework/src/Illuminate/Cookie/Middleware/AddQueuedCookiesToResponse.php(37): Illuminate/Pipeline/Pipeline->Illuminate/Pipeline/{closure}(Object(Illuminate/Http/Request))
#25 C:/Users/joshu/Desktop/FindNest/FindNest/findnest-backend/vendor/laravel/framework/src/Illuminate/Pipeline/Pipeline.php(209): Illuminate/Cookie/Middleware/AddQueuedCookiesToResponse->handle(Object(Illuminate/Http/Request), Object(Closure))
#26 C:/Users/joshu/Desktop/FindNest/FindNest/findnest-backend/vendor/laravel/framework/src/Illuminate/Cookie/Middleware/EncryptCookies.php(75): Illuminate/Pipeline/Pipeline->Illuminate/Pipeline/{closure}(Object(Illuminate/Http/Request))
#27 C:/Users/joshu/Desktop/FindNest/FindNest/findnest-backend/vendor/laravel/framework/src/Illuminate/Pipeline/Pipeline.php(209): Illuminate/Cookie/Middleware/EncryptCookies->handle(Object(Illuminate/Http/Request), Object(Closure))
#28 C:/Users/joshu/Desktop/FindNest/FindNest/findnest-backend/vendor/laravel/framework/src/Illuminate/Pipeline/Pipeline.php(127): Illuminate/Pipeline/Pipeline->Illuminate/Pipeline/{closure}(Object(Illuminate/Http/Request))
#29 C:/Users/joshu/Desktop/FindNest/FindNest/findnest-backend/vendor/laravel/framework/src/Illuminate/Routing/Router.php(807): Illuminate/Pipeline/Pipeline->then(Object(Closure))
#30 C:/Users/joshu/Desktop/FindNest/FindNest/findnest-backend/vendor/laravel/framework/src/Illuminate/Routing/Router.php(786): Illuminate/Routing/Router->runRouteWithinStack(Object(Illuminate/Routing/Route), Object(Illuminate/Http/Request))
#31 C:/Users/joshu/Desktop/FindNest/FindNest/findnest-backend/vendor/laravel/framework/src/Illuminate/Routing/Router.php(750): Illuminate/Routing/Router->runRoute(Object(Illuminate/Http/Request), Object(Illuminate/Routing/Route))
#32 C:/Users/joshu/Desktop/FindNest/FindNest/findnest-backend/vendor/laravel/framework/src/Illuminate/Routing/Router.php(739): Illuminate/Routing/Router->dispatchToRoute(Object(Illuminate/Http/Request))
#33 C:/Users/joshu/Desktop/FindNest/FindNest/findnest-backend/vendor/laravel/framework/src/Illuminate/Foundation/Http/Kernel.php(201): Illuminate/Routing/Router->dispatch(Object(Illuminate/Http/Request))
#34 C:/Users/joshu/Desktop/FindNest/FindNest/findnest-backend/vendor/laravel/framework/src/Illuminate/Pipeline/Pipeline.php(170): Illuminate/Foundation/Http/Kernel->Illuminate/Foundation/Http/{closure}(Object(Illuminate/Http/Request))
#35 C:/Users/joshu/Desktop/FindNest/FindNest/findnest-backend/vendor/laravel/framework/src/Illuminate/Foundation/Http/Middleware/TransformsRequest.php(21): Illuminate/Pipeline/Pipeline->Illuminate/Pipeline/{closure}(Object(Illuminate/Http/Request))
#36 C:/Users/joshu/Desktop/FindNest/FindNest/findnest-backend/vendor/laravel/framework/src/Illuminate/Foundation/Http/Middleware/ConvertEmptyStringsToNull.php(31): Illuminate/Foundation/Http/Middleware/TransformsRequest->handle(Object(Illuminate/Http/Request), Object(Closure))
#37 C:/Users/joshu/Desktop/FindNest/FindNest/findnest-backend/vendor/laravel/framework/src/Illuminate/Pipeline/Pipeline.php(209): Illuminate/Foundation/Http/Middleware/ConvertEmptyStringsToNull->handle(Object(Illuminate/Http/Request), Object(Closure))
#38 C:/Users/joshu/Desktop/FindNest/FindNest/findnest-backend/vendor/laravel/framework/src/Illuminate/Foundation/Http/Middleware/TransformsRequest.php(21): Illuminate/Pipeline/Pipeline->Illuminate/Pipeline/{closure}(Object(Illuminate/Http/Request))
#39 C:/Users/joshu/Desktop/FindNest/FindNest/findnest-backend/vendor/laravel/framework/src/Illuminate/Foundation/Http/Middleware/TrimStrings.php(51): Illuminate/Foundation/Http/Middleware/TransformsRequest->handle(Object(Illuminate/Http/Request), Object(Closure))
#40 C:/Users/joshu/Desktop/FindNest/FindNest/findnest-backend/vendor/laravel/framework/src/Illuminate/Pipeline/Pipeline.php(209): Illuminate/Foundation/Http/Middleware/TrimStrings->handle(Object(Illuminate/Http/Request), Object(Closure))
#41 C:/Users/joshu/Desktop/FindNest/FindNest/findnest-backend/vendor/laravel/framework/src/Illuminate/Http/Middleware/ValidatePostSize.php(27): Illuminate/Pipeline/Pipeline->Illuminate/Pipeline/{closure}(Object(Illuminate/Http/Request))
#42 C:/Users/joshu/Desktop/FindNest/FindNest/findnest-backend/vendor/laravel/framework/src/Illuminate/Pipeline/Pipeline.php(209): Illuminate/Http/Middleware/ValidatePostSize->handle(Object(Illuminate/Http/Request), Object(Closure))
#43 C:/Users/joshu/Desktop/FindNest/FindNest/findnest-backend/vendor/laravel/framework/src/Illuminate/Foundation/Http/Middleware/PreventRequestsDuringMaintenance.php(110): Illuminate/Pipeline/Pipeline->Illuminate/Pipeline/{closure}(Object(Illuminate/Http/Request))
#44 C:/Users/joshu/Desktop/FindNest/FindNest/findnest-backend/vendor/laravel/framework/src/Illuminate/Pipeline/Pipeline.php(209): Illuminate/Foundation/Http/Middleware/PreventRequestsDuringMaintenance->handle(Object(Illuminate/Http/Request), Object(Closure))
#45 C:/Users/joshu/Desktop/FindNest/FindNest/findnest-backend/vendor/laravel/framework/src/Illuminate/Http/Middleware/HandleCors.php(49): Illuminate/Pipeline/Pipeline->Illuminate/Pipeline/{closure}(Object(Illuminate/Http/Request))
#46 C:/Users/joshu/Desktop/FindNest/FindNest/findnest-backend/vendor/laravel/framework/src/Illuminate/Pipeline/Pipeline.php(209): Illuminate/Http/Middleware/HandleCors->handle(Object(Illuminate/Http/Request), Object(Closure))
#47 C:/Users/joshu/Desktop/FindNest/FindNest/findnest-backend/vendor/laravel/framework/src/Illuminate/Http/Middleware/TrustProxies.php(58): Illuminate/Pipeline/Pipeline->Illuminate/Pipeline/{closure}(Object(Illuminate/Http/Request))
#48 C:/Users/joshu/Desktop/FindNest/FindNest/findnest-backend/vendor/laravel/framework/src/Illuminate/Pipeline/Pipeline.php(209): Illuminate/Http/Middleware/TrustProxies->handle(Object(Illuminate/Http/Request), Object(Closure))
#49 C:/Users/joshu/Desktop/FindNest/FindNest/findnest-backend/vendor/laravel/framework/src/Illuminate/Foundation/Http/Middleware/InvokeDeferredCallbacks.php(22): Illuminate/Pipeline/Pipeline->Illuminate/Pipeline/{closure}(Object(Illuminate/Http/Request))
#50 C:/Users/joshu/Desktop/FindNest/FindNest/findnest-backend/vendor/laravel/framework/src/Illuminate/Pipeline/Pipeline.php(209): Illuminate/Foundation/Http/Middleware/InvokeDeferredCallbacks->handle(Object(Illuminate/Http/Request), Object(Closure))
#51 C:/Users/joshu/Desktop/FindNest/FindNest/findnest-backend/vendor/laravel/framework/src/Illuminate/Pipeline/Pipeline.php(127): Illuminate/Pipeline/Pipeline->Illuminate/Pipeline/{closure}(Object(Illuminate/Http/Request))
#52 C:/Users/joshu/Desktop/FindNest/FindNest/findnest-backend/vendor/laravel/framework/src/Illuminate/Foundation/Http/Kernel.php(176): Illuminate/Pipeline/Pipeline->then(Object(Closure))
#53 C:/Users/joshu/Desktop/FindNest/FindNest/findnest-backend/vendor/laravel/framework/src/Illuminate/Foundation/Http/Kernel.php(145): Illuminate/Foundation/Http/Kernel->sendRequestThroughRouter(Object(Illuminate/Http/Request))
#54 C:/Users/joshu/Desktop/FindNest/FindNest/findnest-backend/vendor/laravel/framework/src/Illuminate/Foundation/Application.php(1220): Illuminate/Foundation/Http/Kernel->handle(Object(Illuminate/Http/Request))
#55 C:/Users/joshu/Desktop/FindNest/FindNest/findnest-backend/public/index.php(17): Illuminate/Foundation/Application->handleRequest(Object(Illuminate/Http/Request))
#56 C:/Users/joshu/Desktop/FindNest/FindNest/findnest-backend/vendor/laravel/framework/src/Illuminate/Foundation/resources/server.php(23): require_once('C://Users//joshu//...')
#57 {main}
"} 
[2026-07-19 14:00:36] local.ERROR: SQLSTATE[42P01]: Undefined table: 7 ERROR:  relation "found_item_records" does not exist (Connection: pgsql, SQL: alter table "ai_matches" add constraint "ai_matches_found_id_foreign" foreign key ("found_id") references "found_item_records" ("id") on delete cascade) {"exception":"[object] (Illuminate\\Database\\QueryException(code: 42P01): SQLSTATE[42P01]: Undefined table: 7 ERROR:  relation \"found_item_records\" does not exist (Connection: pgsql, SQL: alter table \"ai_matches\" add constraint \"ai_matches_found_id_foreign\" foreign key (\"found_id\") references \"found_item_records\" (\"id\") on delete cascade) at C:/Users/joshu/Desktop/FindNest/FindNest/findnest-backend/vendor/laravel/framework/src/Illuminate/Database/Connection.php:825)
[stacktrace]
#0 C:/Users/joshu/Desktop/FindNest/FindNest/findnest-backend/vendor/laravel/framework/src/Illuminate/Database/Connection.php(779): Illuminate/Database/Connection->runQueryCallback('alter table \"ai...', Array, Object(Closure))
#1 C:/Users/joshu/Desktop/FindNest/FindNest/findnest-backend/vendor/laravel/framework/src/Illuminate/Database/Connection.php(560): Illuminate/Database/Connection->run('alter table \"ai...', Array, Object(Closure))
#2 C:/Users/joshu/Desktop/FindNest/FindNest/findnest-backend/vendor/laravel/framework/src/Illuminate/Database/Schema/Blueprint.php(118): Illuminate/Database/Connection->statement('alter table \"ai...')
#3 C:/Users/joshu/Desktop/FindNest/FindNest/findnest-backend/vendor/laravel/framework/src/Illuminate/Database/Schema/Builder.php(564): Illuminate/Database/Schema/Blueprint->build(Object(Illuminate/Database/PostgresConnection), Object(Illuminate/Database/Schema/Grammars/PostgresGrammar))
#4 C:/Users/joshu/Desktop/FindNest/FindNest/findnest-backend/vendor/laravel/framework/src/Illuminate/Database/Schema/Builder.php(418): Illuminate/Database/Schema/Builder->build(Object(Illuminate/Database/Schema/Blueprint))
#5 C:/Users/joshu/Desktop/FindNest/FindNest/findnest-backend/vendor/laravel/framework/src/Illuminate/Support/Facades/Facade.php(361): Illuminate/Database/Schema/Builder->create('ai_matches', Object(Closure))
#6 C:/Users/joshu/Desktop/FindNest/FindNest/findnest-backend/database/migrations/2026_07_19_133653_create_ai_matches_table.php(8): Illuminate/Support/Facades/Facade::__callStatic('create', Array)
#7 C:/Users/joshu/Desktop/FindNest/FindNest/findnest-backend/vendor/laravel/framework/src/Illuminate/Database/Migrations/Migrator.php(507): Illuminate/Database/Migrations/Migration@anonymous->up()
#8 C:/Users/joshu/Desktop/FindNest/FindNest/findnest-backend/vendor/laravel/framework/src/Illuminate/Database/Migrations/Migrator.php(432): Illuminate/Database/Migrations/Migrator->runMethod(Object(Illuminate/Database/PostgresConnection), Object(Illuminate/Database/Migrations/Migration@anonymous), 'up')
#9 C:/Users/joshu/Desktop/FindNest/FindNest/findnest-backend/vendor/laravel/framework/src/Illuminate/Database/Concerns/ManagesTransactions.php(32): Illuminate/Database/Migrations/Migrator->Illuminate/Database/Migrations/{closure}(Object(Illuminate/Database/PostgresConnection))
#10 C:/Users/joshu/Desktop/FindNest/FindNest/findnest-backend/vendor/laravel/framework/src/Illuminate/Database/Migrations/Migrator.php(440): Illuminate/Database/Connection->transaction(Object(Closure))
#11 C:/Users/joshu/Desktop/FindNest/FindNest/findnest-backend/vendor/laravel/framework/src/Illuminate/Database/Migrations/Migrator.php(244): Illuminate/Database/Migrations/Migrator->runMigration(Object(Illuminate/Database/Migrations/Migration@anonymous), 'up')
#12 C:/Users/joshu/Desktop/FindNest/FindNest/findnest-backend/vendor/laravel/framework/src/Illuminate/Console/View/Components/Task.php(40): Illuminate/Database/Migrations/Migrator->Illuminate/Database/Migrations/{closure}()
#13 C:/Users/joshu/Desktop/FindNest/FindNest/findnest-backend/vendor/laravel/framework/src/Illuminate/Database/Migrations/Migrator.php(798): Illuminate/Console/View/Components/Task->render('2026_07_19_1336...', Object(Closure))
#14 C:/Users/joshu/Desktop/FindNest/FindNest/findnest-backend/vendor/laravel/framework/src/Illuminate/Database/Migrations/Migrator.php(244): Illuminate/Database/Migrations/Migrator->write('Illuminate//Cons...', '2026_07_19_1336...', Object(Closure))
#15 C:/Users/joshu/Desktop/FindNest/FindNest/findnest-backend/vendor/laravel/framework/src/Illuminate/Database/Migrations/Migrator.php(211): Illuminate/Database/Migrations/Migrator->runUp('C://Users//joshu//...', 2, false)
#16 C:/Users/joshu/Desktop/FindNest/FindNest/findnest-backend/vendor/laravel/framework/src/Illuminate/Database/Migrations/Migrator.php(138): Illuminate/Database/Migrations/Migrator->runPending(Array, Array)
#17 C:/Users/joshu/Desktop/FindNest/FindNest/findnest-backend/vendor/laravel/framework/src/Illuminate/Database/Console/Migrations/MigrateCommand.php(117): Illuminate/Database/Migrations/Migrator->run(Array, Array)
#18 C:/Users/joshu/Desktop/FindNest/FindNest/findnest-backend/vendor/laravel/framework/src/Illuminate/Database/Migrations/Migrator.php(658): Illuminate/Database/Console/Migrations/MigrateCommand->Illuminate/Database/Console/Migrations/{closure}()
#19 C:/Users/joshu/Desktop/FindNest/FindNest/findnest-backend/vendor/laravel/framework/src/Illuminate/Database/Console/Migrations/MigrateCommand.php(110): Illuminate/Database/Migrations/Migrator->usingConnection(NULL, Object(Closure))
#20 C:/Users/joshu/Desktop/FindNest/FindNest/findnest-backend/vendor/laravel/framework/src/Illuminate/Database/Console/Migrations/MigrateCommand.php(89): Illuminate/Database/Console/Migrations/MigrateCommand->runMigrations()
#21 C:/Users/joshu/Desktop/FindNest/FindNest/findnest-backend/vendor/laravel/framework/src/Illuminate/Container/BoundMethod.php(36): Illuminate/Database/Console/Migrations/MigrateCommand->handle()
#22 C:/Users/joshu/Desktop/FindNest/FindNest/findnest-backend/vendor/laravel/framework/src/Illuminate/Container/Util.php(43): Illuminate/Container/BoundMethod::Illuminate/Container/{closure}()
#23 C:/Users/joshu/Desktop/FindNest/FindNest/findnest-backend/vendor/laravel/framework/src/Illuminate/Container/BoundMethod.php(95): Illuminate/Container/Util::unwrapIfClosure(Object(Closure))
#24 C:/Users/joshu/Desktop/FindNest/FindNest/findnest-backend/vendor/laravel/framework/src/Illuminate/Container/BoundMethod.php(35): Illuminate/Container/BoundMethod::callBoundMethod(Object(Illuminate/Foundation/Application), Array, Object(Closure))
#25 C:/Users/joshu/Desktop/FindNest/FindNest/findnest-backend/vendor/laravel/framework/src/Illuminate/Container/Container.php(696): Illuminate/Container/BoundMethod::call(Object(Illuminate/Foundation/Application), Array, Array, NULL)
#26 C:/Users/joshu/Desktop/FindNest/FindNest/findnest-backend/vendor/laravel/framework/src/Illuminate/Console/Command.php(213): Illuminate/Container/Container->call(Array)
#27 C:/Users/joshu/Desktop/FindNest/FindNest/findnest-backend/vendor/symfony/console/Command/Command.php(341): Illuminate/Console/Command->execute(Object(Symfony/Component/Console/Input/ArgvInput), Object(Illuminate/Console/OutputStyle))
#28 C:/Users/joshu/Desktop/FindNest/FindNest/findnest-backend/vendor/laravel/framework/src/Illuminate/Console/Command.php(182): Symfony/Component/Console/Command/Command->run(Object(Symfony/Component/Console/Input/ArgvInput), Object(Illuminate/Console/OutputStyle))
#29 C:/Users/joshu/Desktop/FindNest/FindNest/findnest-backend/vendor/symfony/console/Application.php(1117): Illuminate/Console/Command->run(Object(Symfony/Component/Console/Input/ArgvInput), Object(Symfony/Component/Console/Output/ConsoleOutput))
#30 C:/Users/joshu/Desktop/FindNest/FindNest/findnest-backend/vendor/symfony/console/Application.php(356): Symfony/Component/Console/Application->doRunCommand(Object(Illuminate/Database/Console/Migrations/MigrateCommand), Object(Symfony/Component/Console/Input/ArgvInput), Object(Symfony/Component/Console/Output/ConsoleOutput))
#31 C:/Users/joshu/Desktop/FindNest/FindNest/findnest-backend/vendor/symfony/console/Application.php(195): Symfony/Component/Console/Application->doRun(Object(Symfony/Component/Console/Input/ArgvInput), Object(Symfony/Component/Console/Output/ConsoleOutput))
#32 C:/Users/joshu/Desktop/FindNest/FindNest/findnest-backend/vendor/laravel/framework/src/Illuminate/Foundation/Console/Kernel.php(198): Symfony/Component/Console/Application->run(Object(Symfony/Component/Console/Input/ArgvInput), Object(Symfony/Component/Console/Output/ConsoleOutput))
#33 C:/Users/joshu/Desktop/FindNest/FindNest/findnest-backend/vendor/laravel/framework/src/Illuminate/Foundation/Application.php(1235): Illuminate/Foundation/Console/Kernel->handle(Object(Symfony/Component/Console/Input/ArgvInput), Object(Symfony/Component/Console/Output/ConsoleOutput))
#34 C:/Users/joshu/Desktop/FindNest/FindNest/findnest-backend/artisan(13): Illuminate/Foundation/Application->handleCommand(Object(Symfony/Component/Console/Input/ArgvInput))
#35 {main}

[previous exception] [object] (PDOException(code: 42P01): SQLSTATE[42P01]: Undefined table: 7 ERROR:  relation \"found_item_records\" does not exist at C:/Users/joshu/Desktop/FindNest/FindNest/findnest-backend/vendor/laravel/framework/src/Illuminate/Database/Connection.php:571)
[stacktrace]
#0 C:/Users/joshu/Desktop/FindNest/FindNest/findnest-backend/vendor/laravel/framework/src/Illuminate/Database/Connection.php(571): PDOStatement->execute()
#1 C:/Users/joshu/Desktop/FindNest/FindNest/findnest-backend/vendor/laravel/framework/src/Illuminate/Database/Connection.php(812): Illuminate/Database/Connection->Illuminate/Database/{closure}('alter table \"ai...', Array)
#2 C:/Users/joshu/Desktop/FindNest/FindNest/findnest-backend/vendor/laravel/framework/src/Illuminate/Database/Connection.php(779): Illuminate/Database/Connection->runQueryCallback('alter table \"ai...', Array, Object(Closure))
#3 C:/Users/joshu/Desktop/FindNest/FindNest/findnest-backend/vendor/laravel/framework/src/Illuminate/Database/Connection.php(560): Illuminate/Database/Connection->run('alter table \"ai...', Array, Object(Closure))
#4 C:/Users/joshu/Desktop/FindNest/FindNest/findnest-backend/vendor/laravel/framework/src/Illuminate/Database/Schema/Blueprint.php(118): Illuminate/Database/Connection->statement('alter table \"ai...')
#5 C:/Users/joshu/Desktop/FindNest/FindNest/findnest-backend/vendor/laravel/framework/src/Illuminate/Database/Schema/Builder.php(564): Illuminate/Database/Schema/Blueprint->build(Object(Illuminate/Database/PostgresConnection), Object(Illuminate/Database/Schema/Grammars/PostgresGrammar))
#6 C:/Users/joshu/Desktop/FindNest/FindNest/findnest-backend/vendor/laravel/framework/src/Illuminate/Database/Schema/Builder.php(418): Illuminate/Database/Schema/Builder->build(Object(Illuminate/Database/Schema/Blueprint))
#7 C:/Users/joshu/Desktop/FindNest/FindNest/findnest-backend/vendor/laravel/framework/src/Illuminate/Support/Facades/Facade.php(361): Illuminate/Database/Schema/Builder->create('ai_matches', Object(Closure))
#8 C:/Users/joshu/Desktop/FindNest/FindNest/findnest-backend/database/migrations/2026_07_19_133653_create_ai_matches_table.php(8): Illuminate/Support/Facades/Facade::__callStatic('create', Array)
#9 C:/Users/joshu/Desktop/FindNest/FindNest/findnest-backend/vendor/laravel/framework/src/Illuminate/Database/Migrations/Migrator.php(507): Illuminate/Database/Migrations/Migration@anonymous->up()
#10 C:/Users/joshu/Desktop/FindNest/FindNest/findnest-backend/vendor/laravel/framework/src/Illuminate/Database/Migrations/Migrator.php(432): Illuminate/Database/Migrations/Migrator->runMethod(Object(Illuminate/Database/PostgresConnection), Object(Illuminate/Database/Migrations/Migration@anonymous), 'up')
#11 C:/Users/joshu/Desktop/FindNest/FindNest/findnest-backend/vendor/laravel/framework/src/Illuminate/Database/Concerns/ManagesTransactions.php(32): Illuminate/Database/Migrations/Migrator->Illuminate/Database/Migrations/{closure}(Object(Illuminate/Database/PostgresConnection))
#12 C:/Users/joshu/Desktop/FindNest/FindNest/findnest-backend/vendor/laravel/framework/src/Illuminate/Database/Migrations/Migrator.php(440): Illuminate/Database/Connection->transaction(Object(Closure))
#13 C:/Users/joshu/Desktop/FindNest/FindNest/findnest-backend/vendor/laravel/framework/src/Illuminate/Database/Migrations/Migrator.php(244): Illuminate/Database/Migrations/Migrator->runMigration(Object(Illuminate/Database/Migrations/Migration@anonymous), 'up')
#14 C:/Users/joshu/Desktop/FindNest/FindNest/findnest-backend/vendor/laravel/framework/src/Illuminate/Console/View/Components/Task.php(40): Illuminate/Database/Migrations/Migrator->Illuminate/Database/Migrations/{closure}()
#15 C:/Users/joshu/Desktop/FindNest/FindNest/findnest-backend/vendor/laravel/framework/src/Illuminate/Database/Migrations/Migrator.php(798): Illuminate/Console/View/Components/Task->render('2026_07_19_1336...', Object(Closure))
#16 C:/Users/joshu/Desktop/FindNest/FindNest/findnest-backend/vendor/laravel/framework/src/Illuminate/Database/Migrations/Migrator.php(244): Illuminate/Database/Migrations/Migrator->write('Illuminate//Cons...', '2026_07_19_1336...', Object(Closure))
#17 C:/Users/joshu/Desktop/FindNest/FindNest/findnest-backend/vendor/laravel/framework/src/Illuminate/Database/Migrations/Migrator.php(211): Illuminate/Database/Migrations/Migrator->runUp('C://Users//joshu//...', 2, false)
#18 C:/Users/joshu/Desktop/FindNest/FindNest/findnest-backend/vendor/laravel/framework/src/Illuminate/Database/Migrations/Migrator.php(138): Illuminate/Database/Migrations/Migrator->runPending(Array, Array)
#19 C:/Users/joshu/Desktop/FindNest/FindNest/findnest-backend/vendor/laravel/framework/src/Illuminate/Database/Console/Migrations/MigrateCommand.php(117): Illuminate/Database/Migrations/Migrator->run(Array, Array)
#20 C:/Users/joshu/Desktop/FindNest/FindNest/findnest-backend/vendor/laravel/framework/src/Illuminate/Database/Migrations/Migrator.php(658): Illuminate/Database/Console/Migrations/MigrateCommand->Illuminate/Database/Console/Migrations/{closure}()
#21 C:/Users/joshu/Desktop/FindNest/FindNest/findnest-backend/vendor/laravel/framework/src/Illuminate/Database/Console/Migrations/MigrateCommand.php(110): Illuminate/Database/Migrations/Migrator->usingConnection(NULL, Object(Closure))
#22 C:/Users/joshu/Desktop/FindNest/FindNest/findnest-backend/vendor/laravel/framework/src/Illuminate/Database/Console/Migrations/MigrateCommand.php(89): Illuminate/Database/Console/Migrations/MigrateCommand->runMigrations()
#23 C:/Users/joshu/Desktop/FindNest/FindNest/findnest-backend/vendor/laravel/framework/src/Illuminate/Container/BoundMethod.php(36): Illuminate/Database/Console/Migrations/MigrateCommand->handle()
#24 C:/Users/joshu/Desktop/FindNest/FindNest/findnest-backend/vendor/laravel/framework/src/Illuminate/Container/Util.php(43): Illuminate/Container/BoundMethod::Illuminate/Container/{closure}()
#25 C:/Users/joshu/Desktop/FindNest/FindNest/findnest-backend/vendor/laravel/framework/src/Illuminate/Container/BoundMethod.php(95): Illuminate/Container/Util::unwrapIfClosure(Object(Closure))
#26 C:/Users/joshu/Desktop/FindNest/FindNest/findnest-backend/vendor/laravel/framework/src/Illuminate/Container/BoundMethod.php(35): Illuminate/Container/BoundMethod::callBoundMethod(Object(Illuminate/Foundation/Application), Array, Object(Closure))
#27 C:/Users/joshu/Desktop/FindNest/FindNest/findnest-backend/vendor/laravel/framework/src/Illuminate/Container/Container.php(696): Illuminate/Container/BoundMethod::call(Object(Illuminate/Foundation/Application), Array, Array, NULL)
#28 C:/Users/joshu/Desktop/FindNest/FindNest/findnest-backend/vendor/laravel/framework/src/Illuminate/Console/Command.php(213): Illuminate/Container/Container->call(Array)
#29 C:/Users/joshu/Desktop/FindNest/FindNest/findnest-backend/vendor/symfony/console/Command/Command.php(341): Illuminate/Console/Command->execute(Object(Symfony/Component/Console/Input/ArgvInput), Object(Illuminate/Console/OutputStyle))
#30 C:/Users/joshu/Desktop/FindNest/FindNest/findnest-backend/vendor/laravel/framework/src/Illuminate/Console/Command.php(182): Symfony/Component/Console/Command/Command->run(Object(Symfony/Component/Console/Input/ArgvInput), Object(Illuminate/Console/OutputStyle))
#31 C:/Users/joshu/Desktop/FindNest/FindNest/findnest-backend/vendor/symfony/console/Application.php(1117): Illuminate/Console/Command->run(Object(Symfony/Component/Console/Input/ArgvInput), Object(Symfony/Component/Console/Output/ConsoleOutput))
#32 C:/Users/joshu/Desktop/FindNest/FindNest/findnest-backend/vendor/symfony/console/Application.php(356): Symfony/Component/Console/Application->doRunCommand(Object(Illuminate/Database/Console/Migrations/MigrateCommand), Object(Symfony/Component/Console/Input/ArgvInput), Object(Symfony/Component/Console/Output/ConsoleOutput))
#33 C:/Users/joshu/Desktop/FindNest/FindNest/findnest-backend/vendor/symfony/console/Application.php(195): Symfony/Component/Console/Application->doRun(Object(Symfony/Component/Console/Input/ArgvInput), Object(Symfony/Component/Console/Output/ConsoleOutput))
#34 C:/Users/joshu/Desktop/FindNest/FindNest/findnest-backend/vendor/laravel/framework/src/Illuminate/Foundation/Console/Kernel.php(198): Symfony/Component/Console/Application->run(Object(Symfony/Component/Console/Input/ArgvInput), Object(Symfony/Component/Console/Output/ConsoleOutput))
#35 C:/Users/joshu/Desktop/FindNest/FindNest/findnest-backend/vendor/laravel/framework/src/Illuminate/Foundation/Application.php(1235): Illuminate/Foundation/Console/Kernel->handle(Object(Symfony/Component/Console/Input/ArgvInput), Object(Symfony/Component/Console/Output/ConsoleOutput))
#36 C:/Users/joshu/Desktop/FindNest/FindNest/findnest-backend/artisan(13): Illuminate/Foundation/Application->handleCommand(Object(Symfony/Component/Console/Input/ArgvInput))
#37 {main}
"} 
[2026-07-19 14:12:30] local.ERROR: SQLSTATE[42601]: Syntax error: 7 ERROR:  VALUES lists must all be the same length
LINE 1: ..., ($10, $11, $12, $13, $14, $15, $16, $17, $18), ($19, $20, ...
                                                             ^ (Connection: pgsql, SQL: insert into "users" ("created_at", "email", "is_active", "name", "password", "role", "school_id", "trust_score", "updated_at") values (2026-07-19 14:12:29, superadmin@findnest.com, 1, Super Admin, $2y$12$lkQHvaOkIZwEN56Uttbxxu4gkgLqs1RaHGj3gXnZuQjnHkzv/LMLS, super_admin, ?, 100, 2026-07-19 14:12:29), (2026-07-19 14:12:30, admin@findnest.com, 1, Ms. Shelly S. Durban, $2y$12$wHWUhrdq.oxGhBrrcWkzIeuv3XWikPUBTZR9wk24ADG6ZUm5dhsce, admin, ?, 100, 2026-07-19 14:12:30), (BS Information Technology, 2026-07-19 14:12:30, raymart.chabas@sjdmcci.edu.ph, 1, Raymart D. Chabas, $2y$12$L7vCesCPzAnhzoDI.l1qkudfC92lc3sRFHIU7xMbOP4JJ3KMsiVm2, student, 2022-10043, 95, 2026-07-19 14:12:30, 4th Year), (BS Information Technology, 2026-07-19 14:12:30, juan.delacruz@sjdmcci.edu.ph, 1, Juan Dela Cruz, $2y$12$tDvlcjGMvigKeYrG9JaN.Oe4octhpC8gFSWuRTYpVE4.1kKCLdffG, student, 2024-30015, 88, 2026-07-19 14:12:30, 2nd Year), (BS Accountancy, 2026-07-19 14:12:30, maria.santos@sjdmcci.edu.ph, 1, Maria Santos, $2y$12$Em6ibOGu.E9NuofGX9BGHeMiu530w30NzHdTr0eE6v.76eOC3pDF6, student, 2023-20021, 72, 2026-07-19 14:12:30, 3rd Year)) {"exception":"[object] (Illuminate\\Database\\QueryException(code: 42601): SQLSTATE[42601]: Syntax error: 7 ERROR:  VALUES lists must all be the same length
LINE 1: ..., ($10, $11, $12, $13, $14, $15, $16, $17, $18), ($19, $20, ...
                                                             ^ (Connection: pgsql, SQL: insert into \"users\" (\"created_at\", \"email\", \"is_active\", \"name\", \"password\", \"role\", \"school_id\", \"trust_score\", \"updated_at\") values (2026-07-19 14:12:29, superadmin@findnest.com, 1, Super Admin, $2y$12$lkQHvaOkIZwEN56Uttbxxu4gkgLqs1RaHGj3gXnZuQjnHkzv/LMLS, super_admin, ?, 100, 2026-07-19 14:12:29), (2026-07-19 14:12:30, admin@findnest.com, 1, Ms. Shelly S. Durban, $2y$12$wHWUhrdq.oxGhBrrcWkzIeuv3XWikPUBTZR9wk24ADG6ZUm5dhsce, admin, ?, 100, 2026-07-19 14:12:30), (BS Information Technology, 2026-07-19 14:12:30, raymart.chabas@sjdmcci.edu.ph, 1, Raymart D. Chabas, $2y$12$L7vCesCPzAnhzoDI.l1qkudfC92lc3sRFHIU7xMbOP4JJ3KMsiVm2, student, 2022-10043, 95, 2026-07-19 14:12:30, 4th Year), (BS Information Technology, 2026-07-19 14:12:30, juan.delacruz@sjdmcci.edu.ph, 1, Juan Dela Cruz, $2y$12$tDvlcjGMvigKeYrG9JaN.Oe4octhpC8gFSWuRTYpVE4.1kKCLdffG, student, 2024-30015, 88, 2026-07-19 14:12:30, 2nd Year), (BS Accountancy, 2026-07-19 14:12:30, maria.santos@sjdmcci.edu.ph, 1, Maria Santos, $2y$12$Em6ibOGu.E9NuofGX9BGHeMiu530w30NzHdTr0eE6v.76eOC3pDF6, student, 2023-20021, 72, 2026-07-19 14:12:30, 3rd Year)) at C:/Users/joshu/Desktop/FindNest/FindNest/findnest-backend/vendor/laravel/framework/src/Illuminate/Database/Connection.php:825)
[stacktrace]
#0 C:/Users/joshu/Desktop/FindNest/FindNest/findnest-backend/vendor/laravel/framework/src/Illuminate/Database/Connection.php(779): Illuminate/Database/Connection->runQueryCallback('insert into \"us...', Array, Object(Closure))
#1 C:/Users/joshu/Desktop/FindNest/FindNest/findnest-backend/vendor/laravel/framework/src/Illuminate/Database/Connection.php(560): Illuminate/Database/Connection->run('insert into \"us...', Array, Object(Closure))
#2 C:/Users/joshu/Desktop/FindNest/FindNest/findnest-backend/vendor/laravel/framework/src/Illuminate/Database/Connection.php(524): Illuminate/Database/Connection->statement('insert into \"us...', Array)
#3 C:/Users/joshu/Desktop/FindNest/FindNest/findnest-backend/vendor/laravel/framework/src/Illuminate/Database/Query/Builder.php(3717): Illuminate/Database/Connection->insert('insert into \"us...', Array)
#4 C:/Users/joshu/Desktop/FindNest/FindNest/findnest-backend/database/seeders/DatabaseSeeder.php(11): Illuminate/Database/Query/Builder->insert(Array)
#5 C:/Users/joshu/Desktop/FindNest/FindNest/findnest-backend/vendor/laravel/framework/src/Illuminate/Container/BoundMethod.php(36): Database/Seeders/DatabaseSeeder->run()
#6 C:/Users/joshu/Desktop/FindNest/FindNest/findnest-backend/vendor/laravel/framework/src/Illuminate/Container/Util.php(43): Illuminate/Container/BoundMethod::Illuminate/Container/{closure}()
#7 C:/Users/joshu/Desktop/FindNest/FindNest/findnest-backend/vendor/laravel/framework/src/Illuminate/Container/BoundMethod.php(95): Illuminate/Container/Util::unwrapIfClosure(Object(Closure))
#8 C:/Users/joshu/Desktop/FindNest/FindNest/findnest-backend/vendor/laravel/framework/src/Illuminate/Container/BoundMethod.php(35): Illuminate/Container/BoundMethod::callBoundMethod(Object(Illuminate/Foundation/Application), Array, Object(Closure))
#9 C:/Users/joshu/Desktop/FindNest/FindNest/findnest-backend/vendor/laravel/framework/src/Illuminate/Container/Container.php(696): Illuminate/Container/BoundMethod::call(Object(Illuminate/Foundation/Application), Array, Array, NULL)
#10 C:/Users/joshu/Desktop/FindNest/FindNest/findnest-backend/vendor/laravel/framework/src/Illuminate/Database/Seeder.php(188): Illuminate/Container/Container->call(Array, Array)
#11 C:/Users/joshu/Desktop/FindNest/FindNest/findnest-backend/vendor/laravel/framework/src/Illuminate/Database/Seeder.php(197): Illuminate/Database/Seeder->Illuminate/Database/{closure}()
#12 C:/Users/joshu/Desktop/FindNest/FindNest/findnest-backend/vendor/laravel/framework/src/Illuminate/Database/Console/Seeds/SeedCommand.php(70): Illuminate/Database/Seeder->__invoke()
#13 C:/Users/joshu/Desktop/FindNest/FindNest/findnest-backend/vendor/laravel/framework/src/Illuminate/Database/Eloquent/Concerns/GuardsAttributes.php(155): Illuminate/Database/Console/Seeds/SeedCommand->Illuminate/Database/Console/Seeds/{closure}()
#14 C:/Users/joshu/Desktop/FindNest/FindNest/findnest-backend/vendor/laravel/framework/src/Illuminate/Database/Console/Seeds/SeedCommand.php(69): Illuminate/Database/Eloquent/Model::unguarded(Object(Closure))
#15 C:/Users/joshu/Desktop/FindNest/FindNest/findnest-backend/vendor/laravel/framework/src/Illuminate/Container/BoundMethod.php(36): Illuminate/Database/Console/Seeds/SeedCommand->handle()
#16 C:/Users/joshu/Desktop/FindNest/FindNest/findnest-backend/vendor/laravel/framework/src/Illuminate/Container/Util.php(43): Illuminate/Container/BoundMethod::Illuminate/Container/{closure}()
#17 C:/Users/joshu/Desktop/FindNest/FindNest/findnest-backend/vendor/laravel/framework/src/Illuminate/Container/BoundMethod.php(95): Illuminate/Container/Util::unwrapIfClosure(Object(Closure))
#18 C:/Users/joshu/Desktop/FindNest/FindNest/findnest-backend/vendor/laravel/framework/src/Illuminate/Container/BoundMethod.php(35): Illuminate/Container/BoundMethod::callBoundMethod(Object(Illuminate/Foundation/Application), Array, Object(Closure))
#19 C:/Users/joshu/Desktop/FindNest/FindNest/findnest-backend/vendor/laravel/framework/src/Illuminate/Container/Container.php(696): Illuminate/Container/BoundMethod::call(Object(Illuminate/Foundation/Application), Array, Array, NULL)
#20 C:/Users/joshu/Desktop/FindNest/FindNest/findnest-backend/vendor/laravel/framework/src/Illuminate/Console/Command.php(213): Illuminate/Container/Container->call(Array)
#21 C:/Users/joshu/Desktop/FindNest/FindNest/findnest-backend/vendor/symfony/console/Command/Command.php(341): Illuminate/Console/Command->execute(Object(Symfony/Component/Console/Input/ArgvInput), Object(Illuminate/Console/OutputStyle))
#22 C:/Users/joshu/Desktop/FindNest/FindNest/findnest-backend/vendor/laravel/framework/src/Illuminate/Console/Command.php(182): Symfony/Component/Console/Command/Command->run(Object(Symfony/Component/Console/Input/ArgvInput), Object(Illuminate/Console/OutputStyle))
#23 C:/Users/joshu/Desktop/FindNest/FindNest/findnest-backend/vendor/symfony/console/Application.php(1117): Illuminate/Console/Command->run(Object(Symfony/Component/Console/Input/ArgvInput), Object(Symfony/Component/Console/Output/ConsoleOutput))
#24 C:/Users/joshu/Desktop/FindNest/FindNest/findnest-backend/vendor/symfony/console/Application.php(356): Symfony/Component/Console/Application->doRunCommand(Object(Illuminate/Database/Console/Seeds/SeedCommand), Object(Symfony/Component/Console/Input/ArgvInput), Object(Symfony/Component/Console/Output/ConsoleOutput))
#25 C:/Users/joshu/Desktop/FindNest/FindNest/findnest-backend/vendor/symfony/console/Application.php(195): Symfony/Component/Console/Application->doRun(Object(Symfony/Component/Console/Input/ArgvInput), Object(Symfony/Component/Console/Output/ConsoleOutput))
#26 C:/Users/joshu/Desktop/FindNest/FindNest/findnest-backend/vendor/laravel/framework/src/Illuminate/Foundation/Console/Kernel.php(198): Symfony/Component/Console/Application->run(Object(Symfony/Component/Console/Input/ArgvInput), Object(Symfony/Component/Console/Output/ConsoleOutput))
#27 C:/Users/joshu/Desktop/FindNest/FindNest/findnest-backend/vendor/laravel/framework/src/Illuminate/Foundation/Application.php(1235): Illuminate/Foundation/Console/Kernel->handle(Object(Symfony/Component/Console/Input/ArgvInput), Object(Symfony/Component/Console/Output/ConsoleOutput))
#28 C:/Users/joshu/Desktop/FindNest/FindNest/findnest-backend/artisan(13): Illuminate/Foundation/Application->handleCommand(Object(Symfony/Component/Console/Input/ArgvInput))
#29 {main}

[previous exception] [object] (PDOException(code: 42601): SQLSTATE[42601]: Syntax error: 7 ERROR:  VALUES lists must all be the same length
LINE 1: ..., ($10, $11, $12, $13, $14, $15, $16, $17, $18), ($19, $20, ...
                                                             ^ at C:/Users/joshu/Desktop/FindNest/FindNest/findnest-backend/vendor/laravel/framework/src/Illuminate/Database/Connection.php:571)
[stacktrace]
#0 C:/Users/joshu/Desktop/FindNest/FindNest/findnest-backend/vendor/laravel/framework/src/Illuminate/Database/Connection.php(571): PDOStatement->execute()
#1 C:/Users/joshu/Desktop/FindNest/FindNest/findnest-backend/vendor/laravel/framework/src/Illuminate/Database/Connection.php(812): Illuminate/Database/Connection->Illuminate/Database/{closure}('insert into \"us...', Array)
#2 C:/Users/joshu/Desktop/FindNest/FindNest/findnest-backend/vendor/laravel/framework/src/Illuminate/Database/Connection.php(779): Illuminate/Database/Connection->runQueryCallback('insert into \"us...', Array, Object(Closure))
#3 C:/Users/joshu/Desktop/FindNest/FindNest/findnest-backend/vendor/laravel/framework/src/Illuminate/Database/Connection.php(560): Illuminate/Database/Connection->run('insert into \"us...', Array, Object(Closure))
#4 C:/Users/joshu/Desktop/FindNest/FindNest/findnest-backend/vendor/laravel/framework/src/Illuminate/Database/Connection.php(524): Illuminate/Database/Connection->statement('insert into \"us...', Array)
#5 C:/Users/joshu/Desktop/FindNest/FindNest/findnest-backend/vendor/laravel/framework/src/Illuminate/Database/Query/Builder.php(3717): Illuminate/Database/Connection->insert('insert into \"us...', Array)
#6 C:/Users/joshu/Desktop/FindNest/FindNest/findnest-backend/database/seeders/DatabaseSeeder.php(11): Illuminate/Database/Query/Builder->insert(Array)
#7 C:/Users/joshu/Desktop/FindNest/FindNest/findnest-backend/vendor/laravel/framework/src/Illuminate/Container/BoundMethod.php(36): Database/Seeders/DatabaseSeeder->run()
#8 C:/Users/joshu/Desktop/FindNest/FindNest/findnest-backend/vendor/laravel/framework/src/Illuminate/Container/Util.php(43): Illuminate/Container/BoundMethod::Illuminate/Container/{closure}()
#9 C:/Users/joshu/Desktop/FindNest/FindNest/findnest-backend/vendor/laravel/framework/src/Illuminate/Container/BoundMethod.php(95): Illuminate/Container/Util::unwrapIfClosure(Object(Closure))
#10 C:/Users/joshu/Desktop/FindNest/FindNest/findnest-backend/vendor/laravel/framework/src/Illuminate/Container/BoundMethod.php(35): Illuminate/Container/BoundMethod::callBoundMethod(Object(Illuminate/Foundation/Application), Array, Object(Closure))
#11 C:/Users/joshu/Desktop/FindNest/FindNest/findnest-backend/vendor/laravel/framework/src/Illuminate/Container/Container.php(696): Illuminate/Container/BoundMethod::call(Object(Illuminate/Foundation/Application), Array, Array, NULL)
#12 C:/Users/joshu/Desktop/FindNest/FindNest/findnest-backend/vendor/laravel/framework/src/Illuminate/Database/Seeder.php(188): Illuminate/Container/Container->call(Array, Array)
#13 C:/Users/joshu/Desktop/FindNest/FindNest/findnest-backend/vendor/laravel/framework/src/Illuminate/Database/Seeder.php(197): Illuminate/Database/Seeder->Illuminate/Database/{closure}()
#14 C:/Users/joshu/Desktop/FindNest/FindNest/findnest-backend/vendor/laravel/framework/src/Illuminate/Database/Console/Seeds/SeedCommand.php(70): Illuminate/Database/Seeder->__invoke()
#15 C:/Users/joshu/Desktop/FindNest/FindNest/findnest-backend/vendor/laravel/framework/src/Illuminate/Database/Eloquent/Concerns/GuardsAttributes.php(155): Illuminate/Database/Console/Seeds/SeedCommand->Illuminate/Database/Console/Seeds/{closure}()
#16 C:/Users/joshu/Desktop/FindNest/FindNest/findnest-backend/vendor/laravel/framework/src/Illuminate/Database/Console/Seeds/SeedCommand.php(69): Illuminate/Database/Eloquent/Model::unguarded(Object(Closure))
#17 C:/Users/joshu/Desktop/FindNest/FindNest/findnest-backend/vendor/laravel/framework/src/Illuminate/Container/BoundMethod.php(36): Illuminate/Database/Console/Seeds/SeedCommand->handle()
#18 C:/Users/joshu/Desktop/FindNest/FindNest/findnest-backend/vendor/laravel/framework/src/Illuminate/Container/Util.php(43): Illuminate/Container/BoundMethod::Illuminate/Container/{closure}()
#19 C:/Users/joshu/Desktop/FindNest/FindNest/findnest-backend/vendor/laravel/framework/src/Illuminate/Container/BoundMethod.php(95): Illuminate/Container/Util::unwrapIfClosure(Object(Closure))
#20 C:/Users/joshu/Desktop/FindNest/FindNest/findnest-backend/vendor/laravel/framework/src/Illuminate/Container/BoundMethod.php(35): Illuminate/Container/BoundMethod::callBoundMethod(Object(Illuminate/Foundation/Application), Array, Object(Closure))
#21 C:/Users/joshu/Desktop/FindNest/FindNest/findnest-backend/vendor/laravel/framework/src/Illuminate/Container/Container.php(696): Illuminate/Container/BoundMethod::call(Object(Illuminate/Foundation/Application), Array, Array, NULL)
#22 C:/Users/joshu/Desktop/FindNest/FindNest/findnest-backend/vendor/laravel/framework/src/Illuminate/Console/Command.php(213): Illuminate/Container/Container->call(Array)
#23 C:/Users/joshu/Desktop/FindNest/FindNest/findnest-backend/vendor/symfony/console/Command/Command.php(341): Illuminate/Console/Command->execute(Object(Symfony/Component/Console/Input/ArgvInput), Object(Illuminate/Console/OutputStyle))
#24 C:/Users/joshu/Desktop/FindNest/FindNest/findnest-backend/vendor/laravel/framework/src/Illuminate/Console/Command.php(182): Symfony/Component/Console/Command/Command->run(Object(Symfony/Component/Console/Input/ArgvInput), Object(Illuminate/Console/OutputStyle))
#25 C:/Users/joshu/Desktop/FindNest/FindNest/findnest-backend/vendor/symfony/console/Application.php(1117): Illuminate/Console/Command->run(Object(Symfony/Component/Console/Input/ArgvInput), Object(Symfony/Component/Console/Output/ConsoleOutput))
#26 C:/Users/joshu/Desktop/FindNest/FindNest/findnest-backend/vendor/symfony/console/Application.php(356): Symfony/Component/Console/Application->doRunCommand(Object(Illuminate/Database/Console/Seeds/SeedCommand), Object(Symfony/Component/Console/Input/ArgvInput), Object(Symfony/Component/Console/Output/ConsoleOutput))
#27 C:/Users/joshu/Desktop/FindNest/FindNest/findnest-backend/vendor/symfony/console/Application.php(195): Symfony/Component/Console/Application->doRun(Object(Symfony/Component/Console/Input/ArgvInput), Object(Symfony/Component/Console/Output/ConsoleOutput))
#28 C:/Users/joshu/Desktop/FindNest/FindNest/findnest-backend/vendor/laravel/framework/src/Illuminate/Foundation/Console/Kernel.php(198): Symfony/Component/Console/Application->run(Object(Symfony/Component/Console/Input/ArgvInput), Object(Symfony/Component/Console/Output/ConsoleOutput))
#29 C:/Users/joshu/Desktop/FindNest/FindNest/findnest-backend/vendor/laravel/framework/src/Illuminate/Foundation/Application.php(1235): Illuminate/Foundation/Console/Kernel->handle(Object(Symfony/Component/Console/Input/ArgvInput), Object(Symfony/Component/Console/Output/ConsoleOutput))
#30 C:/Users/joshu/Desktop/FindNest/FindNest/findnest-backend/artisan(13): Illuminate/Foundation/Application->handleCommand(Object(Symfony/Component/Console/Input/ArgvInput))
#31 {main}
"} 
[2026-07-20 02:31:44] local.ERROR: SQLSTATE[42P01]: Undefined table: 7 ERROR:  relation "sessions" does not exist
LINE 1: select * from "sessions" where "id" = $1 limit 1
                      ^ (Connection: pgsql, SQL: select * from "sessions" where "id" = Uv2YcN96CQJ3KZtoCCrGcfF6145rJUquguYkoGIv limit 1) {"exception":"[object] (Illuminate\\Database\\QueryException(code: 42P01): SQLSTATE[42P01]: Undefined table: 7 ERROR:  relation \"sessions\" does not exist
LINE 1: select * from \"sessions\" where \"id\" = $1 limit 1
                      ^ (Connection: pgsql, SQL: select * from \"sessions\" where \"id\" = Uv2YcN96CQJ3KZtoCCrGcfF6145rJUquguYkoGIv limit 1) at C:/Users/joshu/Desktop/FindNest/FindNest/findnest-backend/vendor/laravel/framework/src/Illuminate/Database/Connection.php:825)
[stacktrace]
#0 C:/Users/joshu/Desktop/FindNest/FindNest/findnest-backend/vendor/laravel/framework/src/Illuminate/Database/Connection.php(779): Illuminate/Database/Connection->runQueryCallback('select * from \"...', Array, Object(Closure))
#1 C:/Users/joshu/Desktop/FindNest/FindNest/findnest-backend/vendor/laravel/framework/src/Illuminate/Database/Connection.php(398): Illuminate/Database/Connection->run('select * from \"...', Array, Object(Closure))
#2 C:/Users/joshu/Desktop/FindNest/FindNest/findnest-backend/vendor/laravel/framework/src/Illuminate/Database/Query/Builder.php(3106): Illuminate/Database/Connection->select('select * from \"...', Array, false)
#3 C:/Users/joshu/Desktop/FindNest/FindNest/findnest-backend/vendor/laravel/framework/src/Illuminate/Database/Query/Builder.php(3091): Illuminate/Database/Query/Builder->runSelect()
#4 C:/Users/joshu/Desktop/FindNest/FindNest/findnest-backend/vendor/laravel/framework/src/Illuminate/Database/Query/Builder.php(3676): Illuminate/Database/Query/Builder->Illuminate/Database/Query/{closure}()
#5 C:/Users/joshu/Desktop/FindNest/FindNest/findnest-backend/vendor/laravel/framework/src/Illuminate/Database/Query/Builder.php(3090): Illuminate/Database/Query/Builder->onceWithColumns(Array, Object(Closure))
#6 C:/Users/joshu/Desktop/FindNest/FindNest/findnest-backend/vendor/laravel/framework/src/Illuminate/Database/Concerns/BuildsQueries.php(343): Illuminate/Database/Query/Builder->get(Array)
#7 C:/Users/joshu/Desktop/FindNest/FindNest/findnest-backend/vendor/laravel/framework/src/Illuminate/Database/Query/Builder.php(3013): Illuminate/Database/Query/Builder->first(Array)
#8 C:/Users/joshu/Desktop/FindNest/FindNest/findnest-backend/vendor/laravel/framework/src/Illuminate/Session/DatabaseSessionHandler.php(97): Illuminate/Database/Query/Builder->find('Uv2YcN96CQJ3KZt...')
#9 C:/Users/joshu/Desktop/FindNest/FindNest/findnest-backend/vendor/laravel/framework/src/Illuminate/Session/Store.php(117): Illuminate/Session/DatabaseSessionHandler->read('Uv2YcN96CQJ3KZt...')
#10 C:/Users/joshu/Desktop/FindNest/FindNest/findnest-backend/vendor/laravel/framework/src/Illuminate/Session/Store.php(105): Illuminate/Session/Store->readFromHandler()
#11 C:/Users/joshu/Desktop/FindNest/FindNest/findnest-backend/vendor/laravel/framework/src/Illuminate/Session/Store.php(89): Illuminate/Session/Store->loadSession()
#12 C:/Users/joshu/Desktop/FindNest/FindNest/findnest-backend/vendor/laravel/framework/src/Illuminate/Session/Middleware/StartSession.php(147): Illuminate/Session/Store->start()
#13 C:/Users/joshu/Desktop/FindNest/FindNest/findnest-backend/vendor/laravel/framework/src/Illuminate/Support/helpers.php(399): Illuminate/Session/Middleware/StartSession->Illuminate/Session/Middleware/{closure}(Object(Illuminate/Session/Store))
#14 C:/Users/joshu/Desktop/FindNest/FindNest/findnest-backend/vendor/laravel/framework/src/Illuminate/Session/Middleware/StartSession.php(144): tap(Object(Illuminate/Session/Store), Object(Closure))
#15 C:/Users/joshu/Desktop/FindNest/FindNest/findnest-backend/vendor/laravel/framework/src/Illuminate/Session/Middleware/StartSession.php(116): Illuminate/Session/Middleware/StartSession->startSession(Object(Illuminate/Http/Request), Object(Illuminate/Session/Store))
#16 C:/Users/joshu/Desktop/FindNest/FindNest/findnest-backend/vendor/laravel/framework/src/Illuminate/Session/Middleware/StartSession.php(64): Illuminate/Session/Middleware/StartSession->handleStatefulRequest(Object(Illuminate/Http/Request), Object(Illuminate/Session/Store), Object(Closure))
#17 C:/Users/joshu/Desktop/FindNest/FindNest/findnest-backend/vendor/laravel/framework/src/Illuminate/Pipeline/Pipeline.php(209): Illuminate/Session/Middleware/StartSession->handle(Object(Illuminate/Http/Request), Object(Closure))
#18 C:/Users/joshu/Desktop/FindNest/FindNest/findnest-backend/vendor/laravel/framework/src/Illuminate/Cookie/Middleware/AddQueuedCookiesToResponse.php(37): Illuminate/Pipeline/Pipeline->Illuminate/Pipeline/{closure}(Object(Illuminate/Http/Request))
#19 C:/Users/joshu/Desktop/FindNest/FindNest/findnest-backend/vendor/laravel/framework/src/Illuminate/Pipeline/Pipeline.php(209): Illuminate/Cookie/Middleware/AddQueuedCookiesToResponse->handle(Object(Illuminate/Http/Request), Object(Closure))
#20 C:/Users/joshu/Desktop/FindNest/FindNest/findnest-backend/vendor/laravel/framework/src/Illuminate/Cookie/Middleware/EncryptCookies.php(75): Illuminate/Pipeline/Pipeline->Illuminate/Pipeline/{closure}(Object(Illuminate/Http/Request))
#21 C:/Users/joshu/Desktop/FindNest/FindNest/findnest-backend/vendor/laravel/framework/src/Illuminate/Pipeline/Pipeline.php(209): Illuminate/Cookie/Middleware/EncryptCookies->handle(Object(Illuminate/Http/Request), Object(Closure))
#22 C:/Users/joshu/Desktop/FindNest/FindNest/findnest-backend/vendor/laravel/framework/src/Illuminate/Pipeline/Pipeline.php(127): Illuminate/Pipeline/Pipeline->Illuminate/Pipeline/{closure}(Object(Illuminate/Http/Request))
#23 C:/Users/joshu/Desktop/FindNest/FindNest/findnest-backend/vendor/laravel/framework/src/Illuminate/Routing/Router.php(807): Illuminate/Pipeline/Pipeline->then(Object(Closure))
#24 C:/Users/joshu/Desktop/FindNest/FindNest/findnest-backend/vendor/laravel/framework/src/Illuminate/Routing/Router.php(786): Illuminate/Routing/Router->runRouteWithinStack(Object(Illuminate/Routing/Route), Object(Illuminate/Http/Request))
#25 C:/Users/joshu/Desktop/FindNest/FindNest/findnest-backend/vendor/laravel/framework/src/Illuminate/Routing/Router.php(750): Illuminate/Routing/Router->runRoute(Object(Illuminate/Http/Request), Object(Illuminate/Routing/Route))
#26 C:/Users/joshu/Desktop/FindNest/FindNest/findnest-backend/vendor/laravel/framework/src/Illuminate/Routing/Router.php(739): Illuminate/Routing/Router->dispatchToRoute(Object(Illuminate/Http/Request))
#27 C:/Users/joshu/Desktop/FindNest/FindNest/findnest-backend/vendor/laravel/framework/src/Illuminate/Foundation/Http/Kernel.php(201): Illuminate/Routing/Router->dispatch(Object(Illuminate/Http/Request))
#28 C:/Users/joshu/Desktop/FindNest/FindNest/findnest-backend/vendor/laravel/framework/src/Illuminate/Pipeline/Pipeline.php(170): Illuminate/Foundation/Http/Kernel->Illuminate/Foundation/Http/{closure}(Object(Illuminate/Http/Request))
#29 C:/Users/joshu/Desktop/FindNest/FindNest/findnest-backend/vendor/laravel/framework/src/Illuminate/Foundation/Http/Middleware/TransformsRequest.php(21): Illuminate/Pipeline/Pipeline->Illuminate/Pipeline/{closure}(Object(Illuminate/Http/Request))
#30 C:/Users/joshu/Desktop/FindNest/FindNest/findnest-backend/vendor/laravel/framework/src/Illuminate/Foundation/Http/Middleware/ConvertEmptyStringsToNull.php(31): Illuminate/Foundation/Http/Middleware/TransformsRequest->handle(Object(Illuminate/Http/Request), Object(Closure))
#31 C:/Users/joshu/Desktop/FindNest/FindNest/findnest-backend/vendor/laravel/framework/src/Illuminate/Pipeline/Pipeline.php(209): Illuminate/Foundation/Http/Middleware/ConvertEmptyStringsToNull->handle(Object(Illuminate/Http/Request), Object(Closure))
#32 C:/Users/joshu/Desktop/FindNest/FindNest/findnest-backend/vendor/laravel/framework/src/Illuminate/Foundation/Http/Middleware/TransformsRequest.php(21): Illuminate/Pipeline/Pipeline->Illuminate/Pipeline/{closure}(Object(Illuminate/Http/Request))
#33 C:/Users/joshu/Desktop/FindNest/FindNest/findnest-backend/vendor/laravel/framework/src/Illuminate/Foundation/Http/Middleware/TrimStrings.php(51): Illuminate/Foundation/Http/Middleware/TransformsRequest->handle(Object(Illuminate/Http/Request), Object(Closure))
#34 C:/Users/joshu/Desktop/FindNest/FindNest/findnest-backend/vendor/laravel/framework/src/Illuminate/Pipeline/Pipeline.php(209): Illuminate/Foundation/Http/Middleware/TrimStrings->handle(Object(Illuminate/Http/Request), Object(Closure))
#35 C:/Users/joshu/Desktop/FindNest/FindNest/findnest-backend/vendor/laravel/framework/src/Illuminate/Http/Middleware/ValidatePostSize.php(27): Illuminate/Pipeline/Pipeline->Illuminate/Pipeline/{closure}(Object(Illuminate/Http/Request))
#36 C:/Users/joshu/Desktop/FindNest/FindNest/findnest-backend/vendor/laravel/framework/src/Illuminate/Pipeline/Pipeline.php(209): Illuminate/Http/Middleware/ValidatePostSize->handle(Object(Illuminate/Http/Request), Object(Closure))
#37 C:/Users/joshu/Desktop/FindNest/FindNest/findnest-backend/vendor/laravel/framework/src/Illuminate/Foundation/Http/Middleware/PreventRequestsDuringMaintenance.php(110): Illuminate/Pipeline/Pipeline->Illuminate/Pipeline/{closure}(Object(Illuminate/Http/Request))
#38 C:/Users/joshu/Desktop/FindNest/FindNest/findnest-backend/vendor/laravel/framework/src/Illuminate/Pipeline/Pipeline.php(209): Illuminate/Foundation/Http/Middleware/PreventRequestsDuringMaintenance->handle(Object(Illuminate/Http/Request), Object(Closure))
#39 C:/Users/joshu/Desktop/FindNest/FindNest/findnest-backend/vendor/laravel/framework/src/Illuminate/Http/Middleware/HandleCors.php(49): Illuminate/Pipeline/Pipeline->Illuminate/Pipeline/{closure}(Object(Illuminate/Http/Request))
#40 C:/Users/joshu/Desktop/FindNest/FindNest/findnest-backend/vendor/laravel/framework/src/Illuminate/Pipeline/Pipeline.php(209): Illuminate/Http/Middleware/HandleCors->handle(Object(Illuminate/Http/Request), Object(Closure))
#41 C:/Users/joshu/Desktop/FindNest/FindNest/findnest-backend/vendor/laravel/framework/src/Illuminate/Http/Middleware/TrustProxies.php(58): Illuminate/Pipeline/Pipeline->Illuminate/Pipeline/{closure}(Object(Illuminate/Http/Request))
#42 C:/Users/joshu/Desktop/FindNest/FindNest/findnest-backend/vendor/laravel/framework/src/Illuminate/Pipeline/Pipeline.php(209): Illuminate/Http/Middleware/TrustProxies->handle(Object(Illuminate/Http/Request), Object(Closure))
#43 C:/Users/joshu/Desktop/FindNest/FindNest/findnest-backend/vendor/laravel/framework/src/Illuminate/Foundation/Http/Middleware/InvokeDeferredCallbacks.php(22): Illuminate/Pipeline/Pipeline->Illuminate/Pipeline/{closure}(Object(Illuminate/Http/Request))
#44 C:/Users/joshu/Desktop/FindNest/FindNest/findnest-backend/vendor/laravel/framework/src/Illuminate/Pipeline/Pipeline.php(209): Illuminate/Foundation/Http/Middleware/InvokeDeferredCallbacks->handle(Object(Illuminate/Http/Request), Object(Closure))
#45 C:/Users/joshu/Desktop/FindNest/FindNest/findnest-backend/vendor/laravel/framework/src/Illuminate/Pipeline/Pipeline.php(127): Illuminate/Pipeline/Pipeline->Illuminate/Pipeline/{closure}(Object(Illuminate/Http/Request))
#46 C:/Users/joshu/Desktop/FindNest/FindNest/findnest-backend/vendor/laravel/framework/src/Illuminate/Foundation/Http/Kernel.php(176): Illuminate/Pipeline/Pipeline->then(Object(Closure))
#47 C:/Users/joshu/Desktop/FindNest/FindNest/findnest-backend/vendor/laravel/framework/src/Illuminate/Foundation/Http/Kernel.php(145): Illuminate/Foundation/Http/Kernel->sendRequestThroughRouter(Object(Illuminate/Http/Request))
#48 C:/Users/joshu/Desktop/FindNest/FindNest/findnest-backend/vendor/laravel/framework/src/Illuminate/Foundation/Application.php(1220): Illuminate/Foundation/Http/Kernel->handle(Object(Illuminate/Http/Request))
#49 C:/Users/joshu/Desktop/FindNest/FindNest/findnest-backend/public/index.php(17): Illuminate/Foundation/Application->handleRequest(Object(Illuminate/Http/Request))
#50 C:/Users/joshu/Desktop/FindNest/FindNest/findnest-backend/vendor/laravel/framework/src/Illuminate/Foundation/resources/server.php(23): require_once('C://Users//joshu//...')
#51 {main}

[previous exception] [object] (PDOException(code: 42P01): SQLSTATE[42P01]: Undefined table: 7 ERROR:  relation \"sessions\" does not exist
LINE 1: select * from \"sessions\" where \"id\" = $1 limit 1
                      ^ at C:/Users/joshu/Desktop/FindNest/FindNest/findnest-backend/vendor/laravel/framework/src/Illuminate/Database/Connection.php:412)
[stacktrace]
#0 C:/Users/joshu/Desktop/FindNest/FindNest/findnest-backend/vendor/laravel/framework/src/Illuminate/Database/Connection.php(412): PDOStatement->execute()
#1 C:/Users/joshu/Desktop/FindNest/FindNest/findnest-backend/vendor/laravel/framework/src/Illuminate/Database/Connection.php(812): Illuminate/Database/Connection->Illuminate/Database/{closure}('select * from \"...', Array)
#2 C:/Users/joshu/Desktop/FindNest/FindNest/findnest-backend/vendor/laravel/framework/src/Illuminate/Database/Connection.php(779): Illuminate/Database/Connection->runQueryCallback('select * from \"...', Array, Object(Closure))
#3 C:/Users/joshu/Desktop/FindNest/FindNest/findnest-backend/vendor/laravel/framework/src/Illuminate/Database/Connection.php(398): Illuminate/Database/Connection->run('select * from \"...', Array, Object(Closure))
#4 C:/Users/joshu/Desktop/FindNest/FindNest/findnest-backend/vendor/laravel/framework/src/Illuminate/Database/Query/Builder.php(3106): Illuminate/Database/Connection->select('select * from \"...', Array, false)
#5 C:/Users/joshu/Desktop/FindNest/FindNest/findnest-backend/vendor/laravel/framework/src/Illuminate/Database/Query/Builder.php(3091): Illuminate/Database/Query/Builder->runSelect()
#6 C:/Users/joshu/Desktop/FindNest/FindNest/findnest-backend/vendor/laravel/framework/src/Illuminate/Database/Query/Builder.php(3676): Illuminate/Database/Query/Builder->Illuminate/Database/Query/{closure}()
#7 C:/Users/joshu/Desktop/FindNest/FindNest/findnest-backend/vendor/laravel/framework/src/Illuminate/Database/Query/Builder.php(3090): Illuminate/Database/Query/Builder->onceWithColumns(Array, Object(Closure))
#8 C:/Users/joshu/Desktop/FindNest/FindNest/findnest-backend/vendor/laravel/framework/src/Illuminate/Database/Concerns/BuildsQueries.php(343): Illuminate/Database/Query/Builder->get(Array)
#9 C:/Users/joshu/Desktop/FindNest/FindNest/findnest-backend/vendor/laravel/framework/src/Illuminate/Database/Query/Builder.php(3013): Illuminate/Database/Query/Builder->first(Array)
#10 C:/Users/joshu/Desktop/FindNest/FindNest/findnest-backend/vendor/laravel/framework/src/Illuminate/Session/DatabaseSessionHandler.php(97): Illuminate/Database/Query/Builder->find('Uv2YcN96CQJ3KZt...')
#11 C:/Users/joshu/Desktop/FindNest/FindNest/findnest-backend/vendor/laravel/framework/src/Illuminate/Session/Store.php(117): Illuminate/Session/DatabaseSessionHandler->read('Uv2YcN96CQJ3KZt...')
#12 C:/Users/joshu/Desktop/FindNest/FindNest/findnest-backend/vendor/laravel/framework/src/Illuminate/Session/Store.php(105): Illuminate/Session/Store->readFromHandler()
#13 C:/Users/joshu/Desktop/FindNest/FindNest/findnest-backend/vendor/laravel/framework/src/Illuminate/Session/Store.php(89): Illuminate/Session/Store->loadSession()
#14 C:/Users/joshu/Desktop/FindNest/FindNest/findnest-backend/vendor/laravel/framework/src/Illuminate/Session/Middleware/StartSession.php(147): Illuminate/Session/Store->start()
#15 C:/Users/joshu/Desktop/FindNest/FindNest/findnest-backend/vendor/laravel/framework/src/Illuminate/Support/helpers.php(399): Illuminate/Session/Middleware/StartSession->Illuminate/Session/Middleware/{closure}(Object(Illuminate/Session/Store))
#16 C:/Users/joshu/Desktop/FindNest/FindNest/findnest-backend/vendor/laravel/framework/src/Illuminate/Session/Middleware/StartSession.php(144): tap(Object(Illuminate/Session/Store), Object(Closure))
#17 C:/Users/joshu/Desktop/FindNest/FindNest/findnest-backend/vendor/laravel/framework/src/Illuminate/Session/Middleware/StartSession.php(116): Illuminate/Session/Middleware/StartSession->startSession(Object(Illuminate/Http/Request), Object(Illuminate/Session/Store))
#18 C:/Users/joshu/Desktop/FindNest/FindNest/findnest-backend/vendor/laravel/framework/src/Illuminate/Session/Middleware/StartSession.php(64): Illuminate/Session/Middleware/StartSession->handleStatefulRequest(Object(Illuminate/Http/Request), Object(Illuminate/Session/Store), Object(Closure))
#19 C:/Users/joshu/Desktop/FindNest/FindNest/findnest-backend/vendor/laravel/framework/src/Illuminate/Pipeline/Pipeline.php(209): Illuminate/Session/Middleware/StartSession->handle(Object(Illuminate/Http/Request), Object(Closure))
#20 C:/Users/joshu/Desktop/FindNest/FindNest/findnest-backend/vendor/laravel/framework/src/Illuminate/Cookie/Middleware/AddQueuedCookiesToResponse.php(37): Illuminate/Pipeline/Pipeline->Illuminate/Pipeline/{closure}(Object(Illuminate/Http/Request))
#21 C:/Users/joshu/Desktop/FindNest/FindNest/findnest-backend/vendor/laravel/framework/src/Illuminate/Pipeline/Pipeline.php(209): Illuminate/Cookie/Middleware/AddQueuedCookiesToResponse->handle(Object(Illuminate/Http/Request), Object(Closure))
#22 C:/Users/joshu/Desktop/FindNest/FindNest/findnest-backend/vendor/laravel/framework/src/Illuminate/Cookie/Middleware/EncryptCookies.php(75): Illuminate/Pipeline/Pipeline->Illuminate/Pipeline/{closure}(Object(Illuminate/Http/Request))
#23 C:/Users/joshu/Desktop/FindNest/FindNest/findnest-backend/vendor/laravel/framework/src/Illuminate/Pipeline/Pipeline.php(209): Illuminate/Cookie/Middleware/EncryptCookies->handle(Object(Illuminate/Http/Request), Object(Closure))
#24 C:/Users/joshu/Desktop/FindNest/FindNest/findnest-backend/vendor/laravel/framework/src/Illuminate/Pipeline/Pipeline.php(127): Illuminate/Pipeline/Pipeline->Illuminate/Pipeline/{closure}(Object(Illuminate/Http/Request))
#25 C:/Users/joshu/Desktop/FindNest/FindNest/findnest-backend/vendor/laravel/framework/src/Illuminate/Routing/Router.php(807): Illuminate/Pipeline/Pipeline->then(Object(Closure))
#26 C:/Users/joshu/Desktop/FindNest/FindNest/findnest-backend/vendor/laravel/framework/src/Illuminate/Routing/Router.php(786): Illuminate/Routing/Router->runRouteWithinStack(Object(Illuminate/Routing/Route), Object(Illuminate/Http/Request))
#27 C:/Users/joshu/Desktop/FindNest/FindNest/findnest-backend/vendor/laravel/framework/src/Illuminate/Routing/Router.php(750): Illuminate/Routing/Router->runRoute(Object(Illuminate/Http/Request), Object(Illuminate/Routing/Route))
#28 C:/Users/joshu/Desktop/FindNest/FindNest/findnest-backend/vendor/laravel/framework/src/Illuminate/Routing/Router.php(739): Illuminate/Routing/Router->dispatchToRoute(Object(Illuminate/Http/Request))
#29 C:/Users/joshu/Desktop/FindNest/FindNest/findnest-backend/vendor/laravel/framework/src/Illuminate/Foundation/Http/Kernel.php(201): Illuminate/Routing/Router->dispatch(Object(Illuminate/Http/Request))
#30 C:/Users/joshu/Desktop/FindNest/FindNest/findnest-backend/vendor/laravel/framework/src/Illuminate/Pipeline/Pipeline.php(170): Illuminate/Foundation/Http/Kernel->Illuminate/Foundation/Http/{closure}(Object(Illuminate/Http/Request))
#31 C:/Users/joshu/Desktop/FindNest/FindNest/findnest-backend/vendor/laravel/framework/src/Illuminate/Foundation/Http/Middleware/TransformsRequest.php(21): Illuminate/Pipeline/Pipeline->Illuminate/Pipeline/{closure}(Object(Illuminate/Http/Request))
#32 C:/Users/joshu/Desktop/FindNest/FindNest/findnest-backend/vendor/laravel/framework/src/Illuminate/Foundation/Http/Middleware/ConvertEmptyStringsToNull.php(31): Illuminate/Foundation/Http/Middleware/TransformsRequest->handle(Object(Illuminate/Http/Request), Object(Closure))
#33 C:/Users/joshu/Desktop/FindNest/FindNest/findnest-backend/vendor/laravel/framework/src/Illuminate/Pipeline/Pipeline.php(209): Illuminate/Foundation/Http/Middleware/ConvertEmptyStringsToNull->handle(Object(Illuminate/Http/Request), Object(Closure))
#34 C:/Users/joshu/Desktop/FindNest/FindNest/findnest-backend/vendor/laravel/framework/src/Illuminate/Foundation/Http/Middleware/TransformsRequest.php(21): Illuminate/Pipeline/Pipeline->Illuminate/Pipeline/{closure}(Object(Illuminate/Http/Request))
#35 C:/Users/joshu/Desktop/FindNest/FindNest/findnest-backend/vendor/laravel/framework/src/Illuminate/Foundation/Http/Middleware/TrimStrings.php(51): Illuminate/Foundation/Http/Middleware/TransformsRequest->handle(Object(Illuminate/Http/Request), Object(Closure))
#36 C:/Users/joshu/Desktop/FindNest/FindNest/findnest-backend/vendor/laravel/framework/src/Illuminate/Pipeline/Pipeline.php(209): Illuminate/Foundation/Http/Middleware/TrimStrings->handle(Object(Illuminate/Http/Request), Object(Closure))
#37 C:/Users/joshu/Desktop/FindNest/FindNest/findnest-backend/vendor/laravel/framework/src/Illuminate/Http/Middleware/ValidatePostSize.php(27): Illuminate/Pipeline/Pipeline->Illuminate/Pipeline/{closure}(Object(Illuminate/Http/Request))
#38 C:/Users/joshu/Desktop/FindNest/FindNest/findnest-backend/vendor/laravel/framework/src/Illuminate/Pipeline/Pipeline.php(209): Illuminate/Http/Middleware/ValidatePostSize->handle(Object(Illuminate/Http/Request), Object(Closure))
#39 C:/Users/joshu/Desktop/FindNest/FindNest/findnest-backend/vendor/laravel/framework/src/Illuminate/Foundation/Http/Middleware/PreventRequestsDuringMaintenance.php(110): Illuminate/Pipeline/Pipeline->Illuminate/Pipeline/{closure}(Object(Illuminate/Http/Request))
#40 C:/Users/joshu/Desktop/FindNest/FindNest/findnest-backend/vendor/laravel/framework/src/Illuminate/Pipeline/Pipeline.php(209): Illuminate/Foundation/Http/Middleware/PreventRequestsDuringMaintenance->handle(Object(Illuminate/Http/Request), Object(Closure))
#41 C:/Users/joshu/Desktop/FindNest/FindNest/findnest-backend/vendor/laravel/framework/src/Illuminate/Http/Middleware/HandleCors.php(49): Illuminate/Pipeline/Pipeline->Illuminate/Pipeline/{closure}(Object(Illuminate/Http/Request))
#42 C:/Users/joshu/Desktop/FindNest/FindNest/findnest-backend/vendor/laravel/framework/src/Illuminate/Pipeline/Pipeline.php(209): Illuminate/Http/Middleware/HandleCors->handle(Object(Illuminate/Http/Request), Object(Closure))
#43 C:/Users/joshu/Desktop/FindNest/FindNest/findnest-backend/vendor/laravel/framework/src/Illuminate/Http/Middleware/TrustProxies.php(58): Illuminate/Pipeline/Pipeline->Illuminate/Pipeline/{closure}(Object(Illuminate/Http/Request))
#44 C:/Users/joshu/Desktop/FindNest/FindNest/findnest-backend/vendor/laravel/framework/src/Illuminate/Pipeline/Pipeline.php(209): Illuminate/Http/Middleware/TrustProxies->handle(Object(Illuminate/Http/Request), Object(Closure))
#45 C:/Users/joshu/Desktop/FindNest/FindNest/findnest-backend/vendor/laravel/framework/src/Illuminate/Foundation/Http/Middleware/InvokeDeferredCallbacks.php(22): Illuminate/Pipeline/Pipeline->Illuminate/Pipeline/{closure}(Object(Illuminate/Http/Request))
#46 C:/Users/joshu/Desktop/FindNest/FindNest/findnest-backend/vendor/laravel/framework/src/Illuminate/Pipeline/Pipeline.php(209): Illuminate/Foundation/Http/Middleware/InvokeDeferredCallbacks->handle(Object(Illuminate/Http/Request), Object(Closure))
#47 C:/Users/joshu/Desktop/FindNest/FindNest/findnest-backend/vendor/laravel/framework/src/Illuminate/Pipeline/Pipeline.php(127): Illuminate/Pipeline/Pipeline->Illuminate/Pipeline/{closure}(Object(Illuminate/Http/Request))
#48 C:/Users/joshu/Desktop/FindNest/FindNest/findnest-backend/vendor/laravel/framework/src/Illuminate/Foundation/Http/Kernel.php(176): Illuminate/Pipeline/Pipeline->then(Object(Closure))
#49 C:/Users/joshu/Desktop/FindNest/FindNest/findnest-backend/vendor/laravel/framework/src/Illuminate/Foundation/Http/Kernel.php(145): Illuminate/Foundation/Http/Kernel->sendRequestThroughRouter(Object(Illuminate/Http/Request))
#50 C:/Users/joshu/Desktop/FindNest/FindNest/findnest-backend/vendor/laravel/framework/src/Illuminate/Foundation/Application.php(1220): Illuminate/Foundation/Http/Kernel->handle(Object(Illuminate/Http/Request))
#51 C:/Users/joshu/Desktop/FindNest/FindNest/findnest-backend/public/index.php(17): Illuminate/Foundation/Application->handleRequest(Object(Illuminate/Http/Request))
#52 C:/Users/joshu/Desktop/FindNest/FindNest/findnest-backend/vendor/laravel/framework/src/Illuminate/Foundation/resources/server.php(23): require_once('C://Users//joshu//...')
#53 {main}
"} 
[2026-07-20 12:35:57] local.ERROR: Route [login] not defined. {"exception":"[object] (Symfony\\Component\\Routing\\Exception\\RouteNotFoundException(code: 0): Route [login] not defined. at C:/Users/joshu/Desktop/FindNest/FindNest/findnest-backend/vendor/laravel/framework/src/Illuminate/Routing/UrlGenerator.php:517)
[stacktrace]
#0 C:/Users/joshu/Desktop/FindNest/FindNest/findnest-backend/vendor/laravel/framework/src/Illuminate/Foundation/helpers.php(853): Illuminate/Routing/UrlGenerator->route('login', Array, true)
#1 C:/Users/joshu/Desktop/FindNest/FindNest/findnest-backend/vendor/laravel/framework/src/Illuminate/Foundation/Configuration/ApplicationBuilder.php(278): route('login')
#2 [internal function]: Illuminate/Foundation/Configuration/ApplicationBuilder->Illuminate/Foundation/Configuration/{closure}(Object(Illuminate/Http/Request))
#3 C:/Users/joshu/Desktop/FindNest/FindNest/findnest-backend/vendor/laravel/framework/src/Illuminate/Auth/Middleware/Authenticate.php(118): call_user_func(Object(Closure), Object(Illuminate/Http/Request))
#4 C:/Users/joshu/Desktop/FindNest/FindNest/findnest-backend/vendor/laravel/framework/src/Illuminate/Auth/Middleware/Authenticate.php(105): Illuminate/Auth/Middleware/Authenticate->redirectTo(Object(Illuminate/Http/Request))
#5 C:/Users/joshu/Desktop/FindNest/FindNest/findnest-backend/vendor/laravel/framework/src/Illuminate/Auth/Middleware/Authenticate.php(88): Illuminate/Auth/Middleware/Authenticate->unauthenticated(Object(Illuminate/Http/Request), Array)
#6 C:/Users/joshu/Desktop/FindNest/FindNest/findnest-backend/vendor/laravel/framework/src/Illuminate/Auth/Middleware/Authenticate.php(62): Illuminate/Auth/Middleware/Authenticate->authenticate(Object(Illuminate/Http/Request), Array)
#7 C:/Users/joshu/Desktop/FindNest/FindNest/findnest-backend/vendor/laravel/framework/src/Illuminate/Pipeline/Pipeline.php(209): Illuminate/Auth/Middleware/Authenticate->handle(Object(Illuminate/Http/Request), Object(Closure), 'sanctum')
#8 C:/Users/joshu/Desktop/FindNest/FindNest/findnest-backend/vendor/laravel/framework/src/Illuminate/Pipeline/Pipeline.php(127): Illuminate/Pipeline/Pipeline->Illuminate/Pipeline/{closure}(Object(Illuminate/Http/Request))
#9 C:/Users/joshu/Desktop/FindNest/FindNest/findnest-backend/vendor/laravel/framework/src/Illuminate/Routing/Router.php(807): Illuminate/Pipeline/Pipeline->then(Object(Closure))
#10 C:/Users/joshu/Desktop/FindNest/FindNest/findnest-backend/vendor/laravel/framework/src/Illuminate/Routing/Router.php(786): Illuminate/Routing/Router->runRouteWithinStack(Object(Illuminate/Routing/Route), Object(Illuminate/Http/Request))
#11 C:/Users/joshu/Desktop/FindNest/FindNest/findnest-backend/vendor/laravel/framework/src/Illuminate/Routing/Router.php(750): Illuminate/Routing/Router->runRoute(Object(Illuminate/Http/Request), Object(Illuminate/Routing/Route))
#12 C:/Users/joshu/Desktop/FindNest/FindNest/findnest-backend/vendor/laravel/framework/src/Illuminate/Routing/Router.php(739): Illuminate/Routing/Router->dispatchToRoute(Object(Illuminate/Http/Request))
#13 C:/Users/joshu/Desktop/FindNest/FindNest/findnest-backend/vendor/laravel/framework/src/Illuminate/Foundation/Http/Kernel.php(201): Illuminate/Routing/Router->dispatch(Object(Illuminate/Http/Request))
#14 C:/Users/joshu/Desktop/FindNest/FindNest/findnest-backend/vendor/laravel/framework/src/Illuminate/Pipeline/Pipeline.php(170): Illuminate/Foundation/Http/Kernel->Illuminate/Foundation/Http/{closure}(Object(Illuminate/Http/Request))
#15 C:/Users/joshu/Desktop/FindNest/FindNest/findnest-backend/vendor/laravel/framework/src/Illuminate/Foundation/Http/Middleware/TransformsRequest.php(21): Illuminate/Pipeline/Pipeline->Illuminate/Pipeline/{closure}(Object(Illuminate/Http/Request))
#16 C:/Users/joshu/Desktop/FindNest/FindNest/findnest-backend/vendor/laravel/framework/src/Illuminate/Foundation/Http/Middleware/ConvertEmptyStringsToNull.php(31): Illuminate/Foundation/Http/Middleware/TransformsRequest->handle(Object(Illuminate/Http/Request), Object(Closure))
#17 C:/Users/joshu/Desktop/FindNest/FindNest/findnest-backend/vendor/laravel/framework/src/Illuminate/Pipeline/Pipeline.php(209): Illuminate/Foundation/Http/Middleware/ConvertEmptyStringsToNull->handle(Object(Illuminate/Http/Request), Object(Closure))
#18 C:/Users/joshu/Desktop/FindNest/FindNest/findnest-backend/vendor/laravel/framework/src/Illuminate/Foundation/Http/Middleware/TransformsRequest.php(21): Illuminate/Pipeline/Pipeline->Illuminate/Pipeline/{closure}(Object(Illuminate/Http/Request))
#19 C:/Users/joshu/Desktop/FindNest/FindNest/findnest-backend/vendor/laravel/framework/src/Illuminate/Foundation/Http/Middleware/TrimStrings.php(51): Illuminate/Foundation/Http/Middleware/TransformsRequest->handle(Object(Illuminate/Http/Request), Object(Closure))
#20 C:/Users/joshu/Desktop/FindNest/FindNest/findnest-backend/vendor/laravel/framework/src/Illuminate/Pipeline/Pipeline.php(209): Illuminate/Foundation/Http/Middleware/TrimStrings->handle(Object(Illuminate/Http/Request), Object(Closure))
#21 C:/Users/joshu/Desktop/FindNest/FindNest/findnest-backend/vendor/laravel/framework/src/Illuminate/Http/Middleware/ValidatePostSize.php(27): Illuminate/Pipeline/Pipeline->Illuminate/Pipeline/{closure}(Object(Illuminate/Http/Request))
#22 C:/Users/joshu/Desktop/FindNest/FindNest/findnest-backend/vendor/laravel/framework/src/Illuminate/Pipeline/Pipeline.php(209): Illuminate/Http/Middleware/ValidatePostSize->handle(Object(Illuminate/Http/Request), Object(Closure))
#23 C:/Users/joshu/Desktop/FindNest/FindNest/findnest-backend/vendor/laravel/framework/src/Illuminate/Foundation/Http/Middleware/PreventRequestsDuringMaintenance.php(110): Illuminate/Pipeline/Pipeline->Illuminate/Pipeline/{closure}(Object(Illuminate/Http/Request))
#24 C:/Users/joshu/Desktop/FindNest/FindNest/findnest-backend/vendor/laravel/framework/src/Illuminate/Pipeline/Pipeline.php(209): Illuminate/Foundation/Http/Middleware/PreventRequestsDuringMaintenance->handle(Object(Illuminate/Http/Request), Object(Closure))
#25 C:/Users/joshu/Desktop/FindNest/FindNest/findnest-backend/vendor/laravel/framework/src/Illuminate/Http/Middleware/HandleCors.php(62): Illuminate/Pipeline/Pipeline->Illuminate/Pipeline/{closure}(Object(Illuminate/Http/Request))
#26 C:/Users/joshu/Desktop/FindNest/FindNest/findnest-backend/vendor/laravel/framework/src/Illuminate/Pipeline/Pipeline.php(209): Illuminate/Http/Middleware/HandleCors->handle(Object(Illuminate/Http/Request), Object(Closure))
#27 C:/Users/joshu/Desktop/FindNest/FindNest/findnest-backend/vendor/laravel/framework/src/Illuminate/Http/Middleware/TrustProxies.php(58): Illuminate/Pipeline/Pipeline->Illuminate/Pipeline/{closure}(Object(Illuminate/Http/Request))
#28 C:/Users/joshu/Desktop/FindNest/FindNest/findnest-backend/vendor/laravel/framework/src/Illuminate/Pipeline/Pipeline.php(209): Illuminate/Http/Middleware/TrustProxies->handle(Object(Illuminate/Http/Request), Object(Closure))
#29 C:/Users/joshu/Desktop/FindNest/FindNest/findnest-backend/vendor/laravel/framework/src/Illuminate/Foundation/Http/Middleware/InvokeDeferredCallbacks.php(22): Illuminate/Pipeline/Pipeline->Illuminate/Pipeline/{closure}(Object(Illuminate/Http/Request))
#30 C:/Users/joshu/Desktop/FindNest/FindNest/findnest-backend/vendor/laravel/framework/src/Illuminate/Pipeline/Pipeline.php(209): Illuminate/Foundation/Http/Middleware/InvokeDeferredCallbacks->handle(Object(Illuminate/Http/Request), Object(Closure))
#31 C:/Users/joshu/Desktop/FindNest/FindNest/findnest-backend/vendor/laravel/framework/src/Illuminate/Pipeline/Pipeline.php(127): Illuminate/Pipeline/Pipeline->Illuminate/Pipeline/{closure}(Object(Illuminate/Http/Request))
#32 C:/Users/joshu/Desktop/FindNest/FindNest/findnest-backend/vendor/laravel/framework/src/Illuminate/Foundation/Http/Kernel.php(176): Illuminate/Pipeline/Pipeline->then(Object(Closure))
#33 C:/Users/joshu/Desktop/FindNest/FindNest/findnest-backend/vendor/laravel/framework/src/Illuminate/Foundation/Http/Kernel.php(145): Illuminate/Foundation/Http/Kernel->sendRequestThroughRouter(Object(Illuminate/Http/Request))
#34 C:/Users/joshu/Desktop/FindNest/FindNest/findnest-backend/vendor/laravel/framework/src/Illuminate/Foundation/Application.php(1220): Illuminate/Foundation/Http/Kernel->handle(Object(Illuminate/Http/Request))
#35 C:/Users/joshu/Desktop/FindNest/FindNest/findnest-backend/public/index.php(17): Illuminate/Foundation/Application->handleRequest(Object(Illuminate/Http/Request))
#36 C:/Users/joshu/Desktop/FindNest/FindNest/findnest-backend/vendor/laravel/framework/src/Illuminate/Foundation/resources/server.php(23): require_once('C://Users//joshu//...')
#37 {main}
"} 
[2026-07-21 06:35:11] local.ERROR: Trying to access array offset on value of type null {"userId":1,"exception":"[object] (ErrorException(code: 0): Trying to access array offset on value of type null at C:/Users/joshu/Desktop/FindNest/FindNest/findnest-backend/vendor/cloudinary-labs/cloudinary-laravel/src/CloudinaryServiceProvider.php:64)
[stacktrace]
#0 C:/Users/joshu/Desktop/FindNest/FindNest/findnest-backend/vendor/laravel/framework/src/Illuminate/Foundation/Bootstrap/HandleExceptions.php(258): Illuminate/Foundation/Bootstrap/HandleExceptions->handleError(2, 'Trying to acces...', 'C://Users//joshu//...', 64)
#1 C:/Users/joshu/Desktop/FindNest/FindNest/findnest-backend/vendor/cloudinary-labs/cloudinary-laravel/src/CloudinaryServiceProvider.php(64): Illuminate/Foundation/Bootstrap/HandleExceptions->Illuminate/Foundation/Bootstrap/{closure}(2, 'Trying to acces...', 'C://Users//joshu//...', 64)
#2 C:/Users/joshu/Desktop/FindNest/FindNest/findnest-backend/vendor/laravel/framework/src/Illuminate/Container/Container.php(952): CloudinaryLabs/CloudinaryLaravel/CloudinaryServiceProvider->CloudinaryLabs/CloudinaryLaravel/{closure}(Object(Illuminate/Foundation/Application), Array)
#3 C:/Users/joshu/Desktop/FindNest/FindNest/findnest-backend/vendor/laravel/framework/src/Illuminate/Container/Container.php(832): Illuminate/Container/Container->build(Object(Closure))
#4 C:/Users/joshu/Desktop/FindNest/FindNest/findnest-backend/vendor/laravel/framework/src/Illuminate/Foundation/Application.php(1078): Illuminate/Container/Container->resolve('Cloudinary//Clou...', Array, true)
#5 C:/Users/joshu/Desktop/FindNest/FindNest/findnest-backend/vendor/laravel/framework/src/Illuminate/Container/Container.php(763): Illuminate/Foundation/Application->resolve('Cloudinary//Clou...', Array)
#6 C:/Users/joshu/Desktop/FindNest/FindNest/findnest-backend/vendor/laravel/framework/src/Illuminate/Foundation/Application.php(1058): Illuminate/Container/Container->make('Cloudinary//Clou...', Array)
#7 C:/Users/joshu/Desktop/FindNest/FindNest/findnest-backend/vendor/laravel/framework/src/Illuminate/Container/Container.php(1580): Illuminate/Foundation/Application->make('Cloudinary//Clou...')
#8 C:/Users/joshu/Desktop/FindNest/FindNest/findnest-backend/vendor/laravel/framework/src/Illuminate/Support/Facades/Facade.php(239): Illuminate/Container/Container->offsetGet('Cloudinary//Clou...')
#9 C:/Users/joshu/Desktop/FindNest/FindNest/findnest-backend/vendor/laravel/framework/src/Illuminate/Support/Facades/Facade.php(210): Illuminate/Support/Facades/Facade::resolveFacadeInstance('Cloudinary//Clou...')
#10 C:/Users/joshu/Desktop/FindNest/FindNest/findnest-backend/vendor/laravel/framework/src/Illuminate/Support/Facades/Facade.php(355): Illuminate/Support/Facades/Facade::getFacadeRoot()
#11 C:/Users/joshu/Desktop/FindNest/FindNest/findnest-backend/app/Http/Controllers/Api/UploadController.php(22): Illuminate/Support/Facades/Facade::__callStatic('upload', Array)
#12 C:/Users/joshu/Desktop/FindNest/FindNest/findnest-backend/vendor/laravel/framework/src/Illuminate/Routing/ControllerDispatcher.php(47): App/Http/Controllers/Api/UploadController->uploadImage(Object(Illuminate/Http/Request))
#13 C:/Users/joshu/Desktop/FindNest/FindNest/findnest-backend/vendor/laravel/framework/src/Illuminate/Routing/Route.php(266): Illuminate/Routing/ControllerDispatcher->dispatch(Object(Illuminate/Routing/Route), Object(App/Http/Controllers/Api/UploadController), 'uploadImage')
#14 C:/Users/joshu/Desktop/FindNest/FindNest/findnest-backend/vendor/laravel/framework/src/Illuminate/Routing/Route.php(212): Illuminate/Routing/Route->runController()
#15 C:/Users/joshu/Desktop/FindNest/FindNest/findnest-backend/vendor/laravel/framework/src/Illuminate/Routing/Router.php(808): Illuminate/Routing/Route->run()
#16 C:/Users/joshu/Desktop/FindNest/FindNest/findnest-backend/vendor/laravel/framework/src/Illuminate/Pipeline/Pipeline.php(170): Illuminate/Routing/Router->Illuminate/Routing/{closure}(Object(Illuminate/Http/Request))
#17 C:/Users/joshu/Desktop/FindNest/FindNest/findnest-backend/vendor/laravel/framework/src/Illuminate/Routing/Middleware/SubstituteBindings.php(51): Illuminate/Pipeline/Pipeline->Illuminate/Pipeline/{closure}(Object(Illuminate/Http/Request))
#18 C:/Users/joshu/Desktop/FindNest/FindNest/findnest-backend/vendor/laravel/framework/src/Illuminate/Pipeline/Pipeline.php(209): Illuminate/Routing/Middleware/SubstituteBindings->handle(Object(Illuminate/Http/Request), Object(Closure))
#19 C:/Users/joshu/Desktop/FindNest/FindNest/findnest-backend/vendor/laravel/framework/src/Illuminate/Auth/Middleware/Authenticate.php(64): Illuminate/Pipeline/Pipeline->Illuminate/Pipeline/{closure}(Object(Illuminate/Http/Request))
#20 C:/Users/joshu/Desktop/FindNest/FindNest/findnest-backend/vendor/laravel/framework/src/Illuminate/Pipeline/Pipeline.php(209): Illuminate/Auth/Middleware/Authenticate->handle(Object(Illuminate/Http/Request), Object(Closure), 'sanctum')
#21 C:/Users/joshu/Desktop/FindNest/FindNest/findnest-backend/vendor/laravel/framework/src/Illuminate/Pipeline/Pipeline.php(127): Illuminate/Pipeline/Pipeline->Illuminate/Pipeline/{closure}(Object(Illuminate/Http/Request))
#22 C:/Users/joshu/Desktop/FindNest/FindNest/findnest-backend/vendor/laravel/framework/src/Illuminate/Routing/Router.php(807): Illuminate/Pipeline/Pipeline->then(Object(Closure))
#23 C:/Users/joshu/Desktop/FindNest/FindNest/findnest-backend/vendor/laravel/framework/src/Illuminate/Routing/Router.php(786): Illuminate/Routing/Router->runRouteWithinStack(Object(Illuminate/Routing/Route), Object(Illuminate/Http/Request))
#24 C:/Users/joshu/Desktop/FindNest/FindNest/findnest-backend/vendor/laravel/framework/src/Illuminate/Routing/Router.php(750): Illuminate/Routing/Router->runRoute(Object(Illuminate/Http/Request), Object(Illuminate/Routing/Route))
#25 C:/Users/joshu/Desktop/FindNest/FindNest/findnest-backend/vendor/laravel/framework/src/Illuminate/Routing/Router.php(739): Illuminate/Routing/Router->dispatchToRoute(Object(Illuminate/Http/Request))
#26 C:/Users/joshu/Desktop/FindNest/FindNest/findnest-backend/vendor/laravel/framework/src/Illuminate/Foundation/Http/Kernel.php(201): Illuminate/Routing/Router->dispatch(Object(Illuminate/Http/Request))
#27 C:/Users/joshu/Desktop/FindNest/FindNest/findnest-backend/vendor/laravel/framework/src/Illuminate/Pipeline/Pipeline.php(170): Illuminate/Foundation/Http/Kernel->Illuminate/Foundation/Http/{closure}(Object(Illuminate/Http/Request))
#28 C:/Users/joshu/Desktop/FindNest/FindNest/findnest-backend/vendor/laravel/framework/src/Illuminate/Foundation/Http/Middleware/TransformsRequest.php(21): Illuminate/Pipeline/Pipeline->Illuminate/Pipeline/{closure}(Object(Illuminate/Http/Request))
#29 C:/Users/joshu/Desktop/FindNest/FindNest/findnest-backend/vendor/laravel/framework/src/Illuminate/Foundation/Http/Middleware/ConvertEmptyStringsToNull.php(31): Illuminate/Foundation/Http/Middleware/TransformsRequest->handle(Object(Illuminate/Http/Request), Object(Closure))
#30 C:/Users/joshu/Desktop/FindNest/FindNest/findnest-backend/vendor/laravel/framework/src/Illuminate/Pipeline/Pipeline.php(209): Illuminate/Foundation/Http/Middleware/ConvertEmptyStringsToNull->handle(Object(Illuminate/Http/Request), Object(Closure))
#31 C:/Users/joshu/Desktop/FindNest/FindNest/findnest-backend/vendor/laravel/framework/src/Illuminate/Foundation/Http/Middleware/TransformsRequest.php(21): Illuminate/Pipeline/Pipeline->Illuminate/Pipeline/{closure}(Object(Illuminate/Http/Request))
#32 C:/Users/joshu/Desktop/FindNest/FindNest/findnest-backend/vendor/laravel/framework/src/Illuminate/Foundation/Http/Middleware/TrimStrings.php(51): Illuminate/Foundation/Http/Middleware/TransformsRequest->handle(Object(Illuminate/Http/Request), Object(Closure))
#33 C:/Users/joshu/Desktop/FindNest/FindNest/findnest-backend/vendor/laravel/framework/src/Illuminate/Pipeline/Pipeline.php(209): Illuminate/Foundation/Http/Middleware/TrimStrings->handle(Object(Illuminate/Http/Request), Object(Closure))
#34 C:/Users/joshu/Desktop/FindNest/FindNest/findnest-backend/vendor/laravel/framework/src/Illuminate/Http/Middleware/ValidatePostSize.php(27): Illuminate/Pipeline/Pipeline->Illuminate/Pipeline/{closure}(Object(Illuminate/Http/Request))
#35 C:/Users/joshu/Desktop/FindNest/FindNest/findnest-backend/vendor/laravel/framework/src/Illuminate/Pipeline/Pipeline.php(209): Illuminate/Http/Middleware/ValidatePostSize->handle(Object(Illuminate/Http/Request), Object(Closure))
#36 C:/Users/joshu/Desktop/FindNest/FindNest/findnest-backend/vendor/laravel/framework/src/Illuminate/Foundation/Http/Middleware/PreventRequestsDuringMaintenance.php(110): Illuminate/Pipeline/Pipeline->Illuminate/Pipeline/{closure}(Object(Illuminate/Http/Request))
#37 C:/Users/joshu/Desktop/FindNest/FindNest/findnest-backend/vendor/laravel/framework/src/Illuminate/Pipeline/Pipeline.php(209): Illuminate/Foundation/Http/Middleware/PreventRequestsDuringMaintenance->handle(Object(Illuminate/Http/Request), Object(Closure))
#38 C:/Users/joshu/Desktop/FindNest/FindNest/findnest-backend/vendor/laravel/framework/src/Illuminate/Http/Middleware/HandleCors.php(62): Illuminate/Pipeline/Pipeline->Illuminate/Pipeline/{closure}(Object(Illuminate/Http/Request))
#39 C:/Users/joshu/Desktop/FindNest/FindNest/findnest-backend/vendor/laravel/framework/src/Illuminate/Pipeline/Pipeline.php(209): Illuminate/Http/Middleware/HandleCors->handle(Object(Illuminate/Http/Request), Object(Closure))
#40 C:/Users/joshu/Desktop/FindNest/FindNest/findnest-backend/vendor/laravel/framework/src/Illuminate/Http/Middleware/TrustProxies.php(58): Illuminate/Pipeline/Pipeline->Illuminate/Pipeline/{closure}(Object(Illuminate/Http/Request))
#41 C:/Users/joshu/Desktop/FindNest/FindNest/findnest-backend/vendor/laravel/framework/src/Illuminate/Pipeline/Pipeline.php(209): Illuminate/Http/Middleware/TrustProxies->handle(Object(Illuminate/Http/Request), Object(Closure))
#42 C:/Users/joshu/Desktop/FindNest/FindNest/findnest-backend/vendor/laravel/framework/src/Illuminate/Foundation/Http/Middleware/InvokeDeferredCallbacks.php(22): Illuminate/Pipeline/Pipeline->Illuminate/Pipeline/{closure}(Object(Illuminate/Http/Request))
#43 C:/Users/joshu/Desktop/FindNest/FindNest/findnest-backend/vendor/laravel/framework/src/Illuminate/Pipeline/Pipeline.php(209): Illuminate/Foundation/Http/Middleware/InvokeDeferredCallbacks->handle(Object(Illuminate/Http/Request), Object(Closure))
#44 C:/Users/joshu/Desktop/FindNest/FindNest/findnest-backend/vendor/laravel/framework/src/Illuminate/Pipeline/Pipeline.php(127): Illuminate/Pipeline/Pipeline->Illuminate/Pipeline/{closure}(Object(Illuminate/Http/Request))
#45 C:/Users/joshu/Desktop/FindNest/FindNest/findnest-backend/vendor/laravel/framework/src/Illuminate/Foundation/Http/Kernel.php(176): Illuminate/Pipeline/Pipeline->then(Object(Closure))
#46 C:/Users/joshu/Desktop/FindNest/FindNest/findnest-backend/vendor/laravel/framework/src/Illuminate/Foundation/Http/Kernel.php(145): Illuminate/Foundation/Http/Kernel->sendRequestThroughRouter(Object(Illuminate/Http/Request))
#47 C:/Users/joshu/Desktop/FindNest/FindNest/findnest-backend/vendor/laravel/framework/src/Illuminate/Foundation/Application.php(1220): Illuminate/Foundation/Http/Kernel->handle(Object(Illuminate/Http/Request))
#48 C:/Users/joshu/Desktop/FindNest/FindNest/findnest-backend/public/index.php(17): Illuminate/Foundation/Application->handleRequest(Object(Illuminate/Http/Request))
#49 C:/Users/joshu/Desktop/FindNest/FindNest/findnest-backend/vendor/laravel/framework/src/Illuminate/Foundation/resources/server.php(23): require_once('C://Users//joshu//...')
#50 {main}
"} 
[2026-07-21 06:47:34] local.ERROR: Trying to access array offset on value of type null {"userId":1,"exception":"[object] (ErrorException(code: 0): Trying to access array offset on value of type null at C:/Users/joshu/Desktop/FindNest/FindNest/findnest-backend/vendor/cloudinary-labs/cloudinary-laravel/src/CloudinaryServiceProvider.php:64)
[stacktrace]
#0 C:/Users/joshu/Desktop/FindNest/FindNest/findnest-backend/vendor/laravel/framework/src/Illuminate/Foundation/Bootstrap/HandleExceptions.php(258): Illuminate/Foundation/Bootstrap/HandleExceptions->handleError(2, 'Trying to acces...', 'C://Users//joshu//...', 64)
#1 C:/Users/joshu/Desktop/FindNest/FindNest/findnest-backend/vendor/cloudinary-labs/cloudinary-laravel/src/CloudinaryServiceProvider.php(64): Illuminate/Foundation/Bootstrap/HandleExceptions->Illuminate/Foundation/Bootstrap/{closure}(2, 'Trying to acces...', 'C://Users//joshu//...', 64)
#2 C:/Users/joshu/Desktop/FindNest/FindNest/findnest-backend/vendor/laravel/framework/src/Illuminate/Container/Container.php(952): CloudinaryLabs/CloudinaryLaravel/CloudinaryServiceProvider->CloudinaryLabs/CloudinaryLaravel/{closure}(Object(Illuminate/Foundation/Application), Array)
#3 C:/Users/joshu/Desktop/FindNest/FindNest/findnest-backend/vendor/laravel/framework/src/Illuminate/Container/Container.php(832): Illuminate/Container/Container->build(Object(Closure))
#4 C:/Users/joshu/Desktop/FindNest/FindNest/findnest-backend/vendor/laravel/framework/src/Illuminate/Foundation/Application.php(1078): Illuminate/Container/Container->resolve('Cloudinary//Clou...', Array, true)
#5 C:/Users/joshu/Desktop/FindNest/FindNest/findnest-backend/vendor/laravel/framework/src/Illuminate/Container/Container.php(763): Illuminate/Foundation/Application->resolve('Cloudinary//Clou...', Array)
#6 C:/Users/joshu/Desktop/FindNest/FindNest/findnest-backend/vendor/laravel/framework/src/Illuminate/Foundation/Application.php(1058): Illuminate/Container/Container->make('Cloudinary//Clou...', Array)
#7 C:/Users/joshu/Desktop/FindNest/FindNest/findnest-backend/vendor/laravel/framework/src/Illuminate/Container/Container.php(1580): Illuminate/Foundation/Application->make('Cloudinary//Clou...')
#8 C:/Users/joshu/Desktop/FindNest/FindNest/findnest-backend/vendor/laravel/framework/src/Illuminate/Support/Facades/Facade.php(239): Illuminate/Container/Container->offsetGet('Cloudinary//Clou...')
#9 C:/Users/joshu/Desktop/FindNest/FindNest/findnest-backend/vendor/laravel/framework/src/Illuminate/Support/Facades/Facade.php(210): Illuminate/Support/Facades/Facade::resolveFacadeInstance('Cloudinary//Clou...')
#10 C:/Users/joshu/Desktop/FindNest/FindNest/findnest-backend/vendor/laravel/framework/src/Illuminate/Support/Facades/Facade.php(355): Illuminate/Support/Facades/Facade::getFacadeRoot()
#11 C:/Users/joshu/Desktop/FindNest/FindNest/findnest-backend/app/Http/Controllers/Api/UploadController.php(22): Illuminate/Support/Facades/Facade::__callStatic('upload', Array)
#12 C:/Users/joshu/Desktop/FindNest/FindNest/findnest-backend/vendor/laravel/framework/src/Illuminate/Routing/ControllerDispatcher.php(47): App/Http/Controllers/Api/UploadController->uploadImage(Object(Illuminate/Http/Request))
#13 C:/Users/joshu/Desktop/FindNest/FindNest/findnest-backend/vendor/laravel/framework/src/Illuminate/Routing/Route.php(266): Illuminate/Routing/ControllerDispatcher->dispatch(Object(Illuminate/Routing/Route), Object(App/Http/Controllers/Api/UploadController), 'uploadImage')
#14 C:/Users/joshu/Desktop/FindNest/FindNest/findnest-backend/vendor/laravel/framework/src/Illuminate/Routing/Route.php(212): Illuminate/Routing/Route->runController()
#15 C:/Users/joshu/Desktop/FindNest/FindNest/findnest-backend/vendor/laravel/framework/src/Illuminate/Routing/Router.php(808): Illuminate/Routing/Route->run()
#16 C:/Users/joshu/Desktop/FindNest/FindNest/findnest-backend/vendor/laravel/framework/src/Illuminate/Pipeline/Pipeline.php(170): Illuminate/Routing/Router->Illuminate/Routing/{closure}(Object(Illuminate/Http/Request))
#17 C:/Users/joshu/Desktop/FindNest/FindNest/findnest-backend/vendor/laravel/framework/src/Illuminate/Routing/Middleware/SubstituteBindings.php(51): Illuminate/Pipeline/Pipeline->Illuminate/Pipeline/{closure}(Object(Illuminate/Http/Request))
#18 C:/Users/joshu/Desktop/FindNest/FindNest/findnest-backend/vendor/laravel/framework/src/Illuminate/Pipeline/Pipeline.php(209): Illuminate/Routing/Middleware/SubstituteBindings->handle(Object(Illuminate/Http/Request), Object(Closure))
#19 C:/Users/joshu/Desktop/FindNest/FindNest/findnest-backend/vendor/laravel/framework/src/Illuminate/Auth/Middleware/Authenticate.php(64): Illuminate/Pipeline/Pipeline->Illuminate/Pipeline/{closure}(Object(Illuminate/Http/Request))
#20 C:/Users/joshu/Desktop/FindNest/FindNest/findnest-backend/vendor/laravel/framework/src/Illuminate/Pipeline/Pipeline.php(209): Illuminate/Auth/Middleware/Authenticate->handle(Object(Illuminate/Http/Request), Object(Closure), 'sanctum')
#21 C:/Users/joshu/Desktop/FindNest/FindNest/findnest-backend/vendor/laravel/framework/src/Illuminate/Pipeline/Pipeline.php(127): Illuminate/Pipeline/Pipeline->Illuminate/Pipeline/{closure}(Object(Illuminate/Http/Request))
#22 C:/Users/joshu/Desktop/FindNest/FindNest/findnest-backend/vendor/laravel/framework/src/Illuminate/Routing/Router.php(807): Illuminate/Pipeline/Pipeline->then(Object(Closure))
#23 C:/Users/joshu/Desktop/FindNest/FindNest/findnest-backend/vendor/laravel/framework/src/Illuminate/Routing/Router.php(786): Illuminate/Routing/Router->runRouteWithinStack(Object(Illuminate/Routing/Route), Object(Illuminate/Http/Request))
#24 C:/Users/joshu/Desktop/FindNest/FindNest/findnest-backend/vendor/laravel/framework/src/Illuminate/Routing/Router.php(750): Illuminate/Routing/Router->runRoute(Object(Illuminate/Http/Request), Object(Illuminate/Routing/Route))
#25 C:/Users/joshu/Desktop/FindNest/FindNest/findnest-backend/vendor/laravel/framework/src/Illuminate/Routing/Router.php(739): Illuminate/Routing/Router->dispatchToRoute(Object(Illuminate/Http/Request))
#26 C:/Users/joshu/Desktop/FindNest/FindNest/findnest-backend/vendor/laravel/framework/src/Illuminate/Foundation/Http/Kernel.php(201): Illuminate/Routing/Router->dispatch(Object(Illuminate/Http/Request))
#27 C:/Users/joshu/Desktop/FindNest/FindNest/findnest-backend/vendor/laravel/framework/src/Illuminate/Pipeline/Pipeline.php(170): Illuminate/Foundation/Http/Kernel->Illuminate/Foundation/Http/{closure}(Object(Illuminate/Http/Request))
#28 C:/Users/joshu/Desktop/FindNest/FindNest/findnest-backend/vendor/laravel/framework/src/Illuminate/Foundation/Http/Middleware/TransformsRequest.php(21): Illuminate/Pipeline/Pipeline->Illuminate/Pipeline/{closure}(Object(Illuminate/Http/Request))
#29 C:/Users/joshu/Desktop/FindNest/FindNest/findnest-backend/vendor/laravel/framework/src/Illuminate/Foundation/Http/Middleware/ConvertEmptyStringsToNull.php(31): Illuminate/Foundation/Http/Middleware/TransformsRequest->handle(Object(Illuminate/Http/Request), Object(Closure))
#30 C:/Users/joshu/Desktop/FindNest/FindNest/findnest-backend/vendor/laravel/framework/src/Illuminate/Pipeline/Pipeline.php(209): Illuminate/Foundation/Http/Middleware/ConvertEmptyStringsToNull->handle(Object(Illuminate/Http/Request), Object(Closure))
#31 C:/Users/joshu/Desktop/FindNest/FindNest/findnest-backend/vendor/laravel/framework/src/Illuminate/Foundation/Http/Middleware/TransformsRequest.php(21): Illuminate/Pipeline/Pipeline->Illuminate/Pipeline/{closure}(Object(Illuminate/Http/Request))
#32 C:/Users/joshu/Desktop/FindNest/FindNest/findnest-backend/vendor/laravel/framework/src/Illuminate/Foundation/Http/Middleware/TrimStrings.php(51): Illuminate/Foundation/Http/Middleware/TransformsRequest->handle(Object(Illuminate/Http/Request), Object(Closure))
#33 C:/Users/joshu/Desktop/FindNest/FindNest/findnest-backend/vendor/laravel/framework/src/Illuminate/Pipeline/Pipeline.php(209): Illuminate/Foundation/Http/Middleware/TrimStrings->handle(Object(Illuminate/Http/Request), Object(Closure))
#34 C:/Users/joshu/Desktop/FindNest/FindNest/findnest-backend/vendor/laravel/framework/src/Illuminate/Http/Middleware/ValidatePostSize.php(27): Illuminate/Pipeline/Pipeline->Illuminate/Pipeline/{closure}(Object(Illuminate/Http/Request))
#35 C:/Users/joshu/Desktop/FindNest/FindNest/findnest-backend/vendor/laravel/framework/src/Illuminate/Pipeline/Pipeline.php(209): Illuminate/Http/Middleware/ValidatePostSize->handle(Object(Illuminate/Http/Request), Object(Closure))
#36 C:/Users/joshu/Desktop/FindNest/FindNest/findnest-backend/vendor/laravel/framework/src/Illuminate/Foundation/Http/Middleware/PreventRequestsDuringMaintenance.php(110): Illuminate/Pipeline/Pipeline->Illuminate/Pipeline/{closure}(Object(Illuminate/Http/Request))
#37 C:/Users/joshu/Desktop/FindNest/FindNest/findnest-backend/vendor/laravel/framework/src/Illuminate/Pipeline/Pipeline.php(209): Illuminate/Foundation/Http/Middleware/PreventRequestsDuringMaintenance->handle(Object(Illuminate/Http/Request), Object(Closure))
#38 C:/Users/joshu/Desktop/FindNest/FindNest/findnest-backend/vendor/laravel/framework/src/Illuminate/Http/Middleware/HandleCors.php(62): Illuminate/Pipeline/Pipeline->Illuminate/Pipeline/{closure}(Object(Illuminate/Http/Request))
#39 C:/Users/joshu/Desktop/FindNest/FindNest/findnest-backend/vendor/laravel/framework/src/Illuminate/Pipeline/Pipeline.php(209): Illuminate/Http/Middleware/HandleCors->handle(Object(Illuminate/Http/Request), Object(Closure))
#40 C:/Users/joshu/Desktop/FindNest/FindNest/findnest-backend/vendor/laravel/framework/src/Illuminate/Http/Middleware/TrustProxies.php(58): Illuminate/Pipeline/Pipeline->Illuminate/Pipeline/{closure}(Object(Illuminate/Http/Request))
#41 C:/Users/joshu/Desktop/FindNest/FindNest/findnest-backend/vendor/laravel/framework/src/Illuminate/Pipeline/Pipeline.php(209): Illuminate/Http/Middleware/TrustProxies->handle(Object(Illuminate/Http/Request), Object(Closure))
#42 C:/Users/joshu/Desktop/FindNest/FindNest/findnest-backend/vendor/laravel/framework/src/Illuminate/Foundation/Http/Middleware/InvokeDeferredCallbacks.php(22): Illuminate/Pipeline/Pipeline->Illuminate/Pipeline/{closure}(Object(Illuminate/Http/Request))
#43 C:/Users/joshu/Desktop/FindNest/FindNest/findnest-backend/vendor/laravel/framework/src/Illuminate/Pipeline/Pipeline.php(209): Illuminate/Foundation/Http/Middleware/InvokeDeferredCallbacks->handle(Object(Illuminate/Http/Request), Object(Closure))
#44 C:/Users/joshu/Desktop/FindNest/FindNest/findnest-backend/vendor/laravel/framework/src/Illuminate/Pipeline/Pipeline.php(127): Illuminate/Pipeline/Pipeline->Illuminate/Pipeline/{closure}(Object(Illuminate/Http/Request))
#45 C:/Users/joshu/Desktop/FindNest/FindNest/findnest-backend/vendor/laravel/framework/src/Illuminate/Foundation/Http/Kernel.php(176): Illuminate/Pipeline/Pipeline->then(Object(Closure))
#46 C:/Users/joshu/Desktop/FindNest/FindNest/findnest-backend/vendor/laravel/framework/src/Illuminate/Foundation/Http/Kernel.php(145): Illuminate/Foundation/Http/Kernel->sendRequestThroughRouter(Object(Illuminate/Http/Request))
#47 C:/Users/joshu/Desktop/FindNest/FindNest/findnest-backend/vendor/laravel/framework/src/Illuminate/Foundation/Application.php(1220): Illuminate/Foundation/Http/Kernel->handle(Object(Illuminate/Http/Request))
#48 C:/Users/joshu/Desktop/FindNest/FindNest/findnest-backend/public/index.php(17): Illuminate/Foundation/Application->handleRequest(Object(Illuminate/Http/Request))
#49 C:/Users/joshu/Desktop/FindNest/FindNest/findnest-backend/vendor/laravel/framework/src/Illuminate/Foundation/resources/server.php(23): require_once('C://Users//joshu//...')
#50 {main}
"} 
[2026-07-21 06:47:45] local.ERROR: Trying to access array offset on value of type null {"userId":1,"exception":"[object] (ErrorException(code: 0): Trying to access array offset on value of type null at C:/Users/joshu/Desktop/FindNest/FindNest/findnest-backend/vendor/cloudinary-labs/cloudinary-laravel/src/CloudinaryServiceProvider.php:64)
[stacktrace]
#0 C:/Users/joshu/Desktop/FindNest/FindNest/findnest-backend/vendor/laravel/framework/src/Illuminate/Foundation/Bootstrap/HandleExceptions.php(258): Illuminate/Foundation/Bootstrap/HandleExceptions->handleError(2, 'Trying to acces...', 'C://Users//joshu//...', 64)
#1 C:/Users/joshu/Desktop/FindNest/FindNest/findnest-backend/vendor/cloudinary-labs/cloudinary-laravel/src/CloudinaryServiceProvider.php(64): Illuminate/Foundation/Bootstrap/HandleExceptions->Illuminate/Foundation/Bootstrap/{closure}(2, 'Trying to acces...', 'C://Users//joshu//...', 64)
#2 C:/Users/joshu/Desktop/FindNest/FindNest/findnest-backend/vendor/laravel/framework/src/Illuminate/Container/Container.php(952): CloudinaryLabs/CloudinaryLaravel/CloudinaryServiceProvider->CloudinaryLabs/CloudinaryLaravel/{closure}(Object(Illuminate/Foundation/Application), Array)
#3 C:/Users/joshu/Desktop/FindNest/FindNest/findnest-backend/vendor/laravel/framework/src/Illuminate/Container/Container.php(832): Illuminate/Container/Container->build(Object(Closure))
#4 C:/Users/joshu/Desktop/FindNest/FindNest/findnest-backend/vendor/laravel/framework/src/Illuminate/Foundation/Application.php(1078): Illuminate/Container/Container->resolve('Cloudinary//Clou...', Array, true)
#5 C:/Users/joshu/Desktop/FindNest/FindNest/findnest-backend/vendor/laravel/framework/src/Illuminate/Container/Container.php(763): Illuminate/Foundation/Application->resolve('Cloudinary//Clou...', Array)
#6 C:/Users/joshu/Desktop/FindNest/FindNest/findnest-backend/vendor/laravel/framework/src/Illuminate/Foundation/Application.php(1058): Illuminate/Container/Container->make('Cloudinary//Clou...', Array)
#7 C:/Users/joshu/Desktop/FindNest/FindNest/findnest-backend/vendor/laravel/framework/src/Illuminate/Container/Container.php(1580): Illuminate/Foundation/Application->make('Cloudinary//Clou...')
#8 C:/Users/joshu/Desktop/FindNest/FindNest/findnest-backend/vendor/laravel/framework/src/Illuminate/Support/Facades/Facade.php(239): Illuminate/Container/Container->offsetGet('Cloudinary//Clou...')
#9 C:/Users/joshu/Desktop/FindNest/FindNest/findnest-backend/vendor/laravel/framework/src/Illuminate/Support/Facades/Facade.php(210): Illuminate/Support/Facades/Facade::resolveFacadeInstance('Cloudinary//Clou...')
#10 C:/Users/joshu/Desktop/FindNest/FindNest/findnest-backend/vendor/laravel/framework/src/Illuminate/Support/Facades/Facade.php(355): Illuminate/Support/Facades/Facade::getFacadeRoot()
#11 C:/Users/joshu/Desktop/FindNest/FindNest/findnest-backend/app/Http/Controllers/Api/UploadController.php(22): Illuminate/Support/Facades/Facade::__callStatic('upload', Array)
#12 C:/Users/joshu/Desktop/FindNest/FindNest/findnest-backend/vendor/laravel/framework/src/Illuminate/Routing/ControllerDispatcher.php(47): App/Http/Controllers/Api/UploadController->uploadImage(Object(Illuminate/Http/Request))
#13 C:/Users/joshu/Desktop/FindNest/FindNest/findnest-backend/vendor/laravel/framework/src/Illuminate/Routing/Route.php(266): Illuminate/Routing/ControllerDispatcher->dispatch(Object(Illuminate/Routing/Route), Object(App/Http/Controllers/Api/UploadController), 'uploadImage')
#14 C:/Users/joshu/Desktop/FindNest/FindNest/findnest-backend/vendor/laravel/framework/src/Illuminate/Routing/Route.php(212): Illuminate/Routing/Route->runController()
#15 C:/Users/joshu/Desktop/FindNest/FindNest/findnest-backend/vendor/laravel/framework/src/Illuminate/Routing/Router.php(808): Illuminate/Routing/Route->run()
#16 C:/Users/joshu/Desktop/FindNest/FindNest/findnest-backend/vendor/laravel/framework/src/Illuminate/Pipeline/Pipeline.php(170): Illuminate/Routing/Router->Illuminate/Routing/{closure}(Object(Illuminate/Http/Request))
#17 C:/Users/joshu/Desktop/FindNest/FindNest/findnest-backend/vendor/laravel/framework/src/Illuminate/Routing/Middleware/SubstituteBindings.php(51): Illuminate/Pipeline/Pipeline->Illuminate/Pipeline/{closure}(Object(Illuminate/Http/Request))
#18 C:/Users/joshu/Desktop/FindNest/FindNest/findnest-backend/vendor/laravel/framework/src/Illuminate/Pipeline/Pipeline.php(209): Illuminate/Routing/Middleware/SubstituteBindings->handle(Object(Illuminate/Http/Request), Object(Closure))
#19 C:/Users/joshu/Desktop/FindNest/FindNest/findnest-backend/vendor/laravel/framework/src/Illuminate/Auth/Middleware/Authenticate.php(64): Illuminate/Pipeline/Pipeline->Illuminate/Pipeline/{closure}(Object(Illuminate/Http/Request))
#20 C:/Users/joshu/Desktop/FindNest/FindNest/findnest-backend/vendor/laravel/framework/src/Illuminate/Pipeline/Pipeline.php(209): Illuminate/Auth/Middleware/Authenticate->handle(Object(Illuminate/Http/Request), Object(Closure), 'sanctum')
#21 C:/Users/joshu/Desktop/FindNest/FindNest/findnest-backend/vendor/laravel/framework/src/Illuminate/Pipeline/Pipeline.php(127): Illuminate/Pipeline/Pipeline->Illuminate/Pipeline/{closure}(Object(Illuminate/Http/Request))
#22 C:/Users/joshu/Desktop/FindNest/FindNest/findnest-backend/vendor/laravel/framework/src/Illuminate/Routing/Router.php(807): Illuminate/Pipeline/Pipeline->then(Object(Closure))
#23 C:/Users/joshu/Desktop/FindNest/FindNest/findnest-backend/vendor/laravel/framework/src/Illuminate/Routing/Router.php(786): Illuminate/Routing/Router->runRouteWithinStack(Object(Illuminate/Routing/Route), Object(Illuminate/Http/Request))
#24 C:/Users/joshu/Desktop/FindNest/FindNest/findnest-backend/vendor/laravel/framework/src/Illuminate/Routing/Router.php(750): Illuminate/Routing/Router->runRoute(Object(Illuminate/Http/Request), Object(Illuminate/Routing/Route))
#25 C:/Users/joshu/Desktop/FindNest/FindNest/findnest-backend/vendor/laravel/framework/src/Illuminate/Routing/Router.php(739): Illuminate/Routing/Router->dispatchToRoute(Object(Illuminate/Http/Request))
#26 C:/Users/joshu/Desktop/FindNest/FindNest/findnest-backend/vendor/laravel/framework/src/Illuminate/Foundation/Http/Kernel.php(201): Illuminate/Routing/Router->dispatch(Object(Illuminate/Http/Request))
#27 C:/Users/joshu/Desktop/FindNest/FindNest/findnest-backend/vendor/laravel/framework/src/Illuminate/Pipeline/Pipeline.php(170): Illuminate/Foundation/Http/Kernel->Illuminate/Foundation/Http/{closure}(Object(Illuminate/Http/Request))
#28 C:/Users/joshu/Desktop/FindNest/FindNest/findnest-backend/vendor/laravel/framework/src/Illuminate/Foundation/Http/Middleware/TransformsRequest.php(21): Illuminate/Pipeline/Pipeline->Illuminate/Pipeline/{closure}(Object(Illuminate/Http/Request))
#29 C:/Users/joshu/Desktop/FindNest/FindNest/findnest-backend/vendor/laravel/framework/src/Illuminate/Foundation/Http/Middleware/ConvertEmptyStringsToNull.php(31): Illuminate/Foundation/Http/Middleware/TransformsRequest->handle(Object(Illuminate/Http/Request), Object(Closure))
#30 C:/Users/joshu/Desktop/FindNest/FindNest/findnest-backend/vendor/laravel/framework/src/Illuminate/Pipeline/Pipeline.php(209): Illuminate/Foundation/Http/Middleware/ConvertEmptyStringsToNull->handle(Object(Illuminate/Http/Request), Object(Closure))
#31 C:/Users/joshu/Desktop/FindNest/FindNest/findnest-backend/vendor/laravel/framework/src/Illuminate/Foundation/Http/Middleware/TransformsRequest.php(21): Illuminate/Pipeline/Pipeline->Illuminate/Pipeline/{closure}(Object(Illuminate/Http/Request))
#32 C:/Users/joshu/Desktop/FindNest/FindNest/findnest-backend/vendor/laravel/framework/src/Illuminate/Foundation/Http/Middleware/TrimStrings.php(51): Illuminate/Foundation/Http/Middleware/TransformsRequest->handle(Object(Illuminate/Http/Request), Object(Closure))
#33 C:/Users/joshu/Desktop/FindNest/FindNest/findnest-backend/vendor/laravel/framework/src/Illuminate/Pipeline/Pipeline.php(209): Illuminate/Foundation/Http/Middleware/TrimStrings->handle(Object(Illuminate/Http/Request), Object(Closure))
#34 C:/Users/joshu/Desktop/FindNest/FindNest/findnest-backend/vendor/laravel/framework/src/Illuminate/Http/Middleware/ValidatePostSize.php(27): Illuminate/Pipeline/Pipeline->Illuminate/Pipeline/{closure}(Object(Illuminate/Http/Request))
#35 C:/Users/joshu/Desktop/FindNest/FindNest/findnest-backend/vendor/laravel/framework/src/Illuminate/Pipeline/Pipeline.php(209): Illuminate/Http/Middleware/ValidatePostSize->handle(Object(Illuminate/Http/Request), Object(Closure))
#36 C:/Users/joshu/Desktop/FindNest/FindNest/findnest-backend/vendor/laravel/framework/src/Illuminate/Foundation/Http/Middleware/PreventRequestsDuringMaintenance.php(110): Illuminate/Pipeline/Pipeline->Illuminate/Pipeline/{closure}(Object(Illuminate/Http/Request))
#37 C:/Users/joshu/Desktop/FindNest/FindNest/findnest-backend/vendor/laravel/framework/src/Illuminate/Pipeline/Pipeline.php(209): Illuminate/Foundation/Http/Middleware/PreventRequestsDuringMaintenance->handle(Object(Illuminate/Http/Request), Object(Closure))
#38 C:/Users/joshu/Desktop/FindNest/FindNest/findnest-backend/vendor/laravel/framework/src/Illuminate/Http/Middleware/HandleCors.php(62): Illuminate/Pipeline/Pipeline->Illuminate/Pipeline/{closure}(Object(Illuminate/Http/Request))
#39 C:/Users/joshu/Desktop/FindNest/FindNest/findnest-backend/vendor/laravel/framework/src/Illuminate/Pipeline/Pipeline.php(209): Illuminate/Http/Middleware/HandleCors->handle(Object(Illuminate/Http/Request), Object(Closure))
#40 C:/Users/joshu/Desktop/FindNest/FindNest/findnest-backend/vendor/laravel/framework/src/Illuminate/Http/Middleware/TrustProxies.php(58): Illuminate/Pipeline/Pipeline->Illuminate/Pipeline/{closure}(Object(Illuminate/Http/Request))
#41 C:/Users/joshu/Desktop/FindNest/FindNest/findnest-backend/vendor/laravel/framework/src/Illuminate/Pipeline/Pipeline.php(209): Illuminate/Http/Middleware/TrustProxies->handle(Object(Illuminate/Http/Request), Object(Closure))
#42 C:/Users/joshu/Desktop/FindNest/FindNest/findnest-backend/vendor/laravel/framework/src/Illuminate/Foundation/Http/Middleware/InvokeDeferredCallbacks.php(22): Illuminate/Pipeline/Pipeline->Illuminate/Pipeline/{closure}(Object(Illuminate/Http/Request))
#43 C:/Users/joshu/Desktop/FindNest/FindNest/findnest-backend/vendor/laravel/framework/src/Illuminate/Pipeline/Pipeline.php(209): Illuminate/Foundation/Http/Middleware/InvokeDeferredCallbacks->handle(Object(Illuminate/Http/Request), Object(Closure))
#44 C:/Users/joshu/Desktop/FindNest/FindNest/findnest-backend/vendor/laravel/framework/src/Illuminate/Pipeline/Pipeline.php(127): Illuminate/Pipeline/Pipeline->Illuminate/Pipeline/{closure}(Object(Illuminate/Http/Request))
#45 C:/Users/joshu/Desktop/FindNest/FindNest/findnest-backend/vendor/laravel/framework/src/Illuminate/Foundation/Http/Kernel.php(176): Illuminate/Pipeline/Pipeline->then(Object(Closure))
#46 C:/Users/joshu/Desktop/FindNest/FindNest/findnest-backend/vendor/laravel/framework/src/Illuminate/Foundation/Http/Kernel.php(145): Illuminate/Foundation/Http/Kernel->sendRequestThroughRouter(Object(Illuminate/Http/Request))
#47 C:/Users/joshu/Desktop/FindNest/FindNest/findnest-backend/vendor/laravel/framework/src/Illuminate/Foundation/Application.php(1220): Illuminate/Foundation/Http/Kernel->handle(Object(Illuminate/Http/Request))
#48 C:/Users/joshu/Desktop/FindNest/FindNest/findnest-backend/public/index.php(17): Illuminate/Foundation/Application->handleRequest(Object(Illuminate/Http/Request))
#49 C:/Users/joshu/Desktop/FindNest/FindNest/findnest-backend/vendor/laravel/framework/src/Illuminate/Foundation/resources/server.php(23): require_once('C://Users//joshu//...')
#50 {main}
"} 
[2026-07-21 06:54:16] local.ERROR: Trying to access array offset on value of type null {"userId":1,"exception":"[object] (ErrorException(code: 0): Trying to access array offset on value of type null at C:/Users/joshu/Desktop/FindNest/FindNest/findnest-backend/vendor/cloudinary-labs/cloudinary-laravel/src/CloudinaryServiceProvider.php:64)
[stacktrace]
#0 C:/Users/joshu/Desktop/FindNest/FindNest/findnest-backend/vendor/laravel/framework/src/Illuminate/Foundation/Bootstrap/HandleExceptions.php(258): Illuminate/Foundation/Bootstrap/HandleExceptions->handleError(2, 'Trying to acces...', 'C://Users//joshu//...', 64)
#1 C:/Users/joshu/Desktop/FindNest/FindNest/findnest-backend/vendor/cloudinary-labs/cloudinary-laravel/src/CloudinaryServiceProvider.php(64): Illuminate/Foundation/Bootstrap/HandleExceptions->Illuminate/Foundation/Bootstrap/{closure}(2, 'Trying to acces...', 'C://Users//joshu//...', 64)
#2 C:/Users/joshu/Desktop/FindNest/FindNest/findnest-backend/vendor/laravel/framework/src/Illuminate/Container/Container.php(952): CloudinaryLabs/CloudinaryLaravel/CloudinaryServiceProvider->CloudinaryLabs/CloudinaryLaravel/{closure}(Object(Illuminate/Foundation/Application), Array)
#3 C:/Users/joshu/Desktop/FindNest/FindNest/findnest-backend/vendor/laravel/framework/src/Illuminate/Container/Container.php(832): Illuminate/Container/Container->build(Object(Closure))
#4 C:/Users/joshu/Desktop/FindNest/FindNest/findnest-backend/vendor/laravel/framework/src/Illuminate/Foundation/Application.php(1078): Illuminate/Container/Container->resolve('Cloudinary//Clou...', Array, true)
#5 C:/Users/joshu/Desktop/FindNest/FindNest/findnest-backend/vendor/laravel/framework/src/Illuminate/Container/Container.php(763): Illuminate/Foundation/Application->resolve('Cloudinary//Clou...', Array)
#6 C:/Users/joshu/Desktop/FindNest/FindNest/findnest-backend/vendor/laravel/framework/src/Illuminate/Foundation/Application.php(1058): Illuminate/Container/Container->make('Cloudinary//Clou...', Array)
#7 C:/Users/joshu/Desktop/FindNest/FindNest/findnest-backend/vendor/laravel/framework/src/Illuminate/Container/Container.php(1580): Illuminate/Foundation/Application->make('Cloudinary//Clou...')
#8 C:/Users/joshu/Desktop/FindNest/FindNest/findnest-backend/vendor/laravel/framework/src/Illuminate/Support/Facades/Facade.php(239): Illuminate/Container/Container->offsetGet('Cloudinary//Clou...')
#9 C:/Users/joshu/Desktop/FindNest/FindNest/findnest-backend/vendor/laravel/framework/src/Illuminate/Support/Facades/Facade.php(210): Illuminate/Support/Facades/Facade::resolveFacadeInstance('Cloudinary//Clou...')
#10 C:/Users/joshu/Desktop/FindNest/FindNest/findnest-backend/vendor/laravel/framework/src/Illuminate/Support/Facades/Facade.php(355): Illuminate/Support/Facades/Facade::getFacadeRoot()
#11 C:/Users/joshu/Desktop/FindNest/FindNest/findnest-backend/app/Http/Controllers/Api/UploadController.php(22): Illuminate/Support/Facades/Facade::__callStatic('upload', Array)
#12 C:/Users/joshu/Desktop/FindNest/FindNest/findnest-backend/vendor/laravel/framework/src/Illuminate/Routing/ControllerDispatcher.php(47): App/Http/Controllers/Api/UploadController->uploadImage(Object(Illuminate/Http/Request))
#13 C:/Users/joshu/Desktop/FindNest/FindNest/findnest-backend/vendor/laravel/framework/src/Illuminate/Routing/Route.php(266): Illuminate/Routing/ControllerDispatcher->dispatch(Object(Illuminate/Routing/Route), Object(App/Http/Controllers/Api/UploadController), 'uploadImage')
#14 C:/Users/joshu/Desktop/FindNest/FindNest/findnest-backend/vendor/laravel/framework/src/Illuminate/Routing/Route.php(212): Illuminate/Routing/Route->runController()
#15 C:/Users/joshu/Desktop/FindNest/FindNest/findnest-backend/vendor/laravel/framework/src/Illuminate/Routing/Router.php(808): Illuminate/Routing/Route->run()
#16 C:/Users/joshu/Desktop/FindNest/FindNest/findnest-backend/vendor/laravel/framework/src/Illuminate/Pipeline/Pipeline.php(170): Illuminate/Routing/Router->Illuminate/Routing/{closure}(Object(Illuminate/Http/Request))
#17 C:/Users/joshu/Desktop/FindNest/FindNest/findnest-backend/vendor/laravel/framework/src/Illuminate/Routing/Middleware/SubstituteBindings.php(51): Illuminate/Pipeline/Pipeline->Illuminate/Pipeline/{closure}(Object(Illuminate/Http/Request))
#18 C:/Users/joshu/Desktop/FindNest/FindNest/findnest-backend/vendor/laravel/framework/src/Illuminate/Pipeline/Pipeline.php(209): Illuminate/Routing/Middleware/SubstituteBindings->handle(Object(Illuminate/Http/Request), Object(Closure))
#19 C:/Users/joshu/Desktop/FindNest/FindNest/findnest-backend/vendor/laravel/framework/src/Illuminate/Auth/Middleware/Authenticate.php(64): Illuminate/Pipeline/Pipeline->Illuminate/Pipeline/{closure}(Object(Illuminate/Http/Request))
#20 C:/Users/joshu/Desktop/FindNest/FindNest/findnest-backend/vendor/laravel/framework/src/Illuminate/Pipeline/Pipeline.php(209): Illuminate/Auth/Middleware/Authenticate->handle(Object(Illuminate/Http/Request), Object(Closure), 'sanctum')
#21 C:/Users/joshu/Desktop/FindNest/FindNest/findnest-backend/vendor/laravel/framework/src/Illuminate/Pipeline/Pipeline.php(127): Illuminate/Pipeline/Pipeline->Illuminate/Pipeline/{closure}(Object(Illuminate/Http/Request))
#22 C:/Users/joshu/Desktop/FindNest/FindNest/findnest-backend/vendor/laravel/framework/src/Illuminate/Routing/Router.php(807): Illuminate/Pipeline/Pipeline->then(Object(Closure))
#23 C:/Users/joshu/Desktop/FindNest/FindNest/findnest-backend/vendor/laravel/framework/src/Illuminate/Routing/Router.php(786): Illuminate/Routing/Router->runRouteWithinStack(Object(Illuminate/Routing/Route), Object(Illuminate/Http/Request))
#24 C:/Users/joshu/Desktop/FindNest/FindNest/findnest-backend/vendor/laravel/framework/src/Illuminate/Routing/Router.php(750): Illuminate/Routing/Router->runRoute(Object(Illuminate/Http/Request), Object(Illuminate/Routing/Route))
#25 C:/Users/joshu/Desktop/FindNest/FindNest/findnest-backend/vendor/laravel/framework/src/Illuminate/Routing/Router.php(739): Illuminate/Routing/Router->dispatchToRoute(Object(Illuminate/Http/Request))
#26 C:/Users/joshu/Desktop/FindNest/FindNest/findnest-backend/vendor/laravel/framework/src/Illuminate/Foundation/Http/Kernel.php(201): Illuminate/Routing/Router->dispatch(Object(Illuminate/Http/Request))
#27 C:/Users/joshu/Desktop/FindNest/FindNest/findnest-backend/vendor/laravel/framework/src/Illuminate/Pipeline/Pipeline.php(170): Illuminate/Foundation/Http/Kernel->Illuminate/Foundation/Http/{closure}(Object(Illuminate/Http/Request))
#28 C:/Users/joshu/Desktop/FindNest/FindNest/findnest-backend/vendor/laravel/framework/src/Illuminate/Foundation/Http/Middleware/TransformsRequest.php(21): Illuminate/Pipeline/Pipeline->Illuminate/Pipeline/{closure}(Object(Illuminate/Http/Request))
#29 C:/Users/joshu/Desktop/FindNest/FindNest/findnest-backend/vendor/laravel/framework/src/Illuminate/Foundation/Http/Middleware/ConvertEmptyStringsToNull.php(31): Illuminate/Foundation/Http/Middleware/TransformsRequest->handle(Object(Illuminate/Http/Request), Object(Closure))
#30 C:/Users/joshu/Desktop/FindNest/FindNest/findnest-backend/vendor/laravel/framework/src/Illuminate/Pipeline/Pipeline.php(209): Illuminate/Foundation/Http/Middleware/ConvertEmptyStringsToNull->handle(Object(Illuminate/Http/Request), Object(Closure))
#31 C:/Users/joshu/Desktop/FindNest/FindNest/findnest-backend/vendor/laravel/framework/src/Illuminate/Foundation/Http/Middleware/TransformsRequest.php(21): Illuminate/Pipeline/Pipeline->Illuminate/Pipeline/{closure}(Object(Illuminate/Http/Request))
#32 C:/Users/joshu/Desktop/FindNest/FindNest/findnest-backend/vendor/laravel/framework/src/Illuminate/Foundation/Http/Middleware/TrimStrings.php(51): Illuminate/Foundation/Http/Middleware/TransformsRequest->handle(Object(Illuminate/Http/Request), Object(Closure))
#33 C:/Users/joshu/Desktop/FindNest/FindNest/findnest-backend/vendor/laravel/framework/src/Illuminate/Pipeline/Pipeline.php(209): Illuminate/Foundation/Http/Middleware/TrimStrings->handle(Object(Illuminate/Http/Request), Object(Closure))
#34 C:/Users/joshu/Desktop/FindNest/FindNest/findnest-backend/vendor/laravel/framework/src/Illuminate/Http/Middleware/ValidatePostSize.php(27): Illuminate/Pipeline/Pipeline->Illuminate/Pipeline/{closure}(Object(Illuminate/Http/Request))
#35 C:/Users/joshu/Desktop/FindNest/FindNest/findnest-backend/vendor/laravel/framework/src/Illuminate/Pipeline/Pipeline.php(209): Illuminate/Http/Middleware/ValidatePostSize->handle(Object(Illuminate/Http/Request), Object(Closure))
#36 C:/Users/joshu/Desktop/FindNest/FindNest/findnest-backend/vendor/laravel/framework/src/Illuminate/Foundation/Http/Middleware/PreventRequestsDuringMaintenance.php(110): Illuminate/Pipeline/Pipeline->Illuminate/Pipeline/{closure}(Object(Illuminate/Http/Request))
#37 C:/Users/joshu/Desktop/FindNest/FindNest/findnest-backend/vendor/laravel/framework/src/Illuminate/Pipeline/Pipeline.php(209): Illuminate/Foundation/Http/Middleware/PreventRequestsDuringMaintenance->handle(Object(Illuminate/Http/Request), Object(Closure))
#38 C:/Users/joshu/Desktop/FindNest/FindNest/findnest-backend/vendor/laravel/framework/src/Illuminate/Http/Middleware/HandleCors.php(62): Illuminate/Pipeline/Pipeline->Illuminate/Pipeline/{closure}(Object(Illuminate/Http/Request))
#39 C:/Users/joshu/Desktop/FindNest/FindNest/findnest-backend/vendor/laravel/framework/src/Illuminate/Pipeline/Pipeline.php(209): Illuminate/Http/Middleware/HandleCors->handle(Object(Illuminate/Http/Request), Object(Closure))
#40 C:/Users/joshu/Desktop/FindNest/FindNest/findnest-backend/vendor/laravel/framework/src/Illuminate/Http/Middleware/TrustProxies.php(58): Illuminate/Pipeline/Pipeline->Illuminate/Pipeline/{closure}(Object(Illuminate/Http/Request))
#41 C:/Users/joshu/Desktop/FindNest/FindNest/findnest-backend/vendor/laravel/framework/src/Illuminate/Pipeline/Pipeline.php(209): Illuminate/Http/Middleware/TrustProxies->handle(Object(Illuminate/Http/Request), Object(Closure))
#42 C:/Users/joshu/Desktop/FindNest/FindNest/findnest-backend/vendor/laravel/framework/src/Illuminate/Foundation/Http/Middleware/InvokeDeferredCallbacks.php(22): Illuminate/Pipeline/Pipeline->Illuminate/Pipeline/{closure}(Object(Illuminate/Http/Request))
#43 C:/Users/joshu/Desktop/FindNest/FindNest/findnest-backend/vendor/laravel/framework/src/Illuminate/Pipeline/Pipeline.php(209): Illuminate/Foundation/Http/Middleware/InvokeDeferredCallbacks->handle(Object(Illuminate/Http/Request), Object(Closure))
#44 C:/Users/joshu/Desktop/FindNest/FindNest/findnest-backend/vendor/laravel/framework/src/Illuminate/Pipeline/Pipeline.php(127): Illuminate/Pipeline/Pipeline->Illuminate/Pipeline/{closure}(Object(Illuminate/Http/Request))
#45 C:/Users/joshu/Desktop/FindNest/FindNest/findnest-backend/vendor/laravel/framework/src/Illuminate/Foundation/Http/Kernel.php(176): Illuminate/Pipeline/Pipeline->then(Object(Closure))
#46 C:/Users/joshu/Desktop/FindNest/FindNest/findnest-backend/vendor/laravel/framework/src/Illuminate/Foundation/Http/Kernel.php(145): Illuminate/Foundation/Http/Kernel->sendRequestThroughRouter(Object(Illuminate/Http/Request))
#47 C:/Users/joshu/Desktop/FindNest/FindNest/findnest-backend/vendor/laravel/framework/src/Illuminate/Foundation/Application.php(1220): Illuminate/Foundation/Http/Kernel->handle(Object(Illuminate/Http/Request))
#48 C:/Users/joshu/Desktop/FindNest/FindNest/findnest-backend/public/index.php(17): Illuminate/Foundation/Application->handleRequest(Object(Illuminate/Http/Request))
#49 C:/Users/joshu/Desktop/FindNest/FindNest/findnest-backend/vendor/laravel/framework/src/Illuminate/Foundation/resources/server.php(23): require_once('C://Users//joshu//...')
#50 {main}
"} 
[2026-07-21 06:54:27] local.ERROR: Trying to access array offset on value of type null {"userId":1,"exception":"[object] (ErrorException(code: 0): Trying to access array offset on value of type null at C:/Users/joshu/Desktop/FindNest/FindNest/findnest-backend/vendor/cloudinary-labs/cloudinary-laravel/src/CloudinaryServiceProvider.php:64)
[stacktrace]
#0 C:/Users/joshu/Desktop/FindNest/FindNest/findnest-backend/vendor/laravel/framework/src/Illuminate/Foundation/Bootstrap/HandleExceptions.php(258): Illuminate/Foundation/Bootstrap/HandleExceptions->handleError(2, 'Trying to acces...', 'C://Users//joshu//...', 64)
#1 C:/Users/joshu/Desktop/FindNest/FindNest/findnest-backend/vendor/cloudinary-labs/cloudinary-laravel/src/CloudinaryServiceProvider.php(64): Illuminate/Foundation/Bootstrap/HandleExceptions->Illuminate/Foundation/Bootstrap/{closure}(2, 'Trying to acces...', 'C://Users//joshu//...', 64)
#2 C:/Users/joshu/Desktop/FindNest/FindNest/findnest-backend/vendor/laravel/framework/src/Illuminate/Container/Container.php(952): CloudinaryLabs/CloudinaryLaravel/CloudinaryServiceProvider->CloudinaryLabs/CloudinaryLaravel/{closure}(Object(Illuminate/Foundation/Application), Array)
#3 C:/Users/joshu/Desktop/FindNest/FindNest/findnest-backend/vendor/laravel/framework/src/Illuminate/Container/Container.php(832): Illuminate/Container/Container->build(Object(Closure))
#4 C:/Users/joshu/Desktop/FindNest/FindNest/findnest-backend/vendor/laravel/framework/src/Illuminate/Foundation/Application.php(1078): Illuminate/Container/Container->resolve('Cloudinary//Clou...', Array, true)
#5 C:/Users/joshu/Desktop/FindNest/FindNest/findnest-backend/vendor/laravel/framework/src/Illuminate/Container/Container.php(763): Illuminate/Foundation/Application->resolve('Cloudinary//Clou...', Array)
#6 C:/Users/joshu/Desktop/FindNest/FindNest/findnest-backend/vendor/laravel/framework/src/Illuminate/Foundation/Application.php(1058): Illuminate/Container/Container->make('Cloudinary//Clou...', Array)
#7 C:/Users/joshu/Desktop/FindNest/FindNest/findnest-backend/vendor/laravel/framework/src/Illuminate/Container/Container.php(1580): Illuminate/Foundation/Application->make('Cloudinary//Clou...')
#8 C:/Users/joshu/Desktop/FindNest/FindNest/findnest-backend/vendor/laravel/framework/src/Illuminate/Support/Facades/Facade.php(239): Illuminate/Container/Container->offsetGet('Cloudinary//Clou...')
#9 C:/Users/joshu/Desktop/FindNest/FindNest/findnest-backend/vendor/laravel/framework/src/Illuminate/Support/Facades/Facade.php(210): Illuminate/Support/Facades/Facade::resolveFacadeInstance('Cloudinary//Clou...')
#10 C:/Users/joshu/Desktop/FindNest/FindNest/findnest-backend/vendor/laravel/framework/src/Illuminate/Support/Facades/Facade.php(355): Illuminate/Support/Facades/Facade::getFacadeRoot()
#11 C:/Users/joshu/Desktop/FindNest/FindNest/findnest-backend/app/Http/Controllers/Api/UploadController.php(22): Illuminate/Support/Facades/Facade::__callStatic('upload', Array)
#12 C:/Users/joshu/Desktop/FindNest/FindNest/findnest-backend/vendor/laravel/framework/src/Illuminate/Routing/ControllerDispatcher.php(47): App/Http/Controllers/Api/UploadController->uploadImage(Object(Illuminate/Http/Request))
#13 C:/Users/joshu/Desktop/FindNest/FindNest/findnest-backend/vendor/laravel/framework/src/Illuminate/Routing/Route.php(266): Illuminate/Routing/ControllerDispatcher->dispatch(Object(Illuminate/Routing/Route), Object(App/Http/Controllers/Api/UploadController), 'uploadImage')
#14 C:/Users/joshu/Desktop/FindNest/FindNest/findnest-backend/vendor/laravel/framework/src/Illuminate/Routing/Route.php(212): Illuminate/Routing/Route->runController()
#15 C:/Users/joshu/Desktop/FindNest/FindNest/findnest-backend/vendor/laravel/framework/src/Illuminate/Routing/Router.php(808): Illuminate/Routing/Route->run()
#16 C:/Users/joshu/Desktop/FindNest/FindNest/findnest-backend/vendor/laravel/framework/src/Illuminate/Pipeline/Pipeline.php(170): Illuminate/Routing/Router->Illuminate/Routing/{closure}(Object(Illuminate/Http/Request))
#17 C:/Users/joshu/Desktop/FindNest/FindNest/findnest-backend/vendor/laravel/framework/src/Illuminate/Routing/Middleware/SubstituteBindings.php(51): Illuminate/Pipeline/Pipeline->Illuminate/Pipeline/{closure}(Object(Illuminate/Http/Request))
#18 C:/Users/joshu/Desktop/FindNest/FindNest/findnest-backend/vendor/laravel/framework/src/Illuminate/Pipeline/Pipeline.php(209): Illuminate/Routing/Middleware/SubstituteBindings->handle(Object(Illuminate/Http/Request), Object(Closure))
#19 C:/Users/joshu/Desktop/FindNest/FindNest/findnest-backend/vendor/laravel/framework/src/Illuminate/Auth/Middleware/Authenticate.php(64): Illuminate/Pipeline/Pipeline->Illuminate/Pipeline/{closure}(Object(Illuminate/Http/Request))
#20 C:/Users/joshu/Desktop/FindNest/FindNest/findnest-backend/vendor/laravel/framework/src/Illuminate/Pipeline/Pipeline.php(209): Illuminate/Auth/Middleware/Authenticate->handle(Object(Illuminate/Http/Request), Object(Closure), 'sanctum')
#21 C:/Users/joshu/Desktop/FindNest/FindNest/findnest-backend/vendor/laravel/framework/src/Illuminate/Pipeline/Pipeline.php(127): Illuminate/Pipeline/Pipeline->Illuminate/Pipeline/{closure}(Object(Illuminate/Http/Request))
#22 C:/Users/joshu/Desktop/FindNest/FindNest/findnest-backend/vendor/laravel/framework/src/Illuminate/Routing/Router.php(807): Illuminate/Pipeline/Pipeline->then(Object(Closure))
#23 C:/Users/joshu/Desktop/FindNest/FindNest/findnest-backend/vendor/laravel/framework/src/Illuminate/Routing/Router.php(786): Illuminate/Routing/Router->runRouteWithinStack(Object(Illuminate/Routing/Route), Object(Illuminate/Http/Request))
#24 C:/Users/joshu/Desktop/FindNest/FindNest/findnest-backend/vendor/laravel/framework/src/Illuminate/Routing/Router.php(750): Illuminate/Routing/Router->runRoute(Object(Illuminate/Http/Request), Object(Illuminate/Routing/Route))
#25 C:/Users/joshu/Desktop/FindNest/FindNest/findnest-backend/vendor/laravel/framework/src/Illuminate/Routing/Router.php(739): Illuminate/Routing/Router->dispatchToRoute(Object(Illuminate/Http/Request))
#26 C:/Users/joshu/Desktop/FindNest/FindNest/findnest-backend/vendor/laravel/framework/src/Illuminate/Foundation/Http/Kernel.php(201): Illuminate/Routing/Router->dispatch(Object(Illuminate/Http/Request))
#27 C:/Users/joshu/Desktop/FindNest/FindNest/findnest-backend/vendor/laravel/framework/src/Illuminate/Pipeline/Pipeline.php(170): Illuminate/Foundation/Http/Kernel->Illuminate/Foundation/Http/{closure}(Object(Illuminate/Http/Request))
#28 C:/Users/joshu/Desktop/FindNest/FindNest/findnest-backend/vendor/laravel/framework/src/Illuminate/Foundation/Http/Middleware/TransformsRequest.php(21): Illuminate/Pipeline/Pipeline->Illuminate/Pipeline/{closure}(Object(Illuminate/Http/Request))
#29 C:/Users/joshu/Desktop/FindNest/FindNest/findnest-backend/vendor/laravel/framework/src/Illuminate/Foundation/Http/Middleware/ConvertEmptyStringsToNull.php(31): Illuminate/Foundation/Http/Middleware/TransformsRequest->handle(Object(Illuminate/Http/Request), Object(Closure))
#30 C:/Users/joshu/Desktop/FindNest/FindNest/findnest-backend/vendor/laravel/framework/src/Illuminate/Pipeline/Pipeline.php(209): Illuminate/Foundation/Http/Middleware/ConvertEmptyStringsToNull->handle(Object(Illuminate/Http/Request), Object(Closure))
#31 C:/Users/joshu/Desktop/FindNest/FindNest/findnest-backend/vendor/laravel/framework/src/Illuminate/Foundation/Http/Middleware/TransformsRequest.php(21): Illuminate/Pipeline/Pipeline->Illuminate/Pipeline/{closure}(Object(Illuminate/Http/Request))
#32 C:/Users/joshu/Desktop/FindNest/FindNest/findnest-backend/vendor/laravel/framework/src/Illuminate/Foundation/Http/Middleware/TrimStrings.php(51): Illuminate/Foundation/Http/Middleware/TransformsRequest->handle(Object(Illuminate/Http/Request), Object(Closure))
#33 C:/Users/joshu/Desktop/FindNest/FindNest/findnest-backend/vendor/laravel/framework/src/Illuminate/Pipeline/Pipeline.php(209): Illuminate/Foundation/Http/Middleware/TrimStrings->handle(Object(Illuminate/Http/Request), Object(Closure))
#34 C:/Users/joshu/Desktop/FindNest/FindNest/findnest-backend/vendor/laravel/framework/src/Illuminate/Http/Middleware/ValidatePostSize.php(27): Illuminate/Pipeline/Pipeline->Illuminate/Pipeline/{closure}(Object(Illuminate/Http/Request))
#35 C:/Users/joshu/Desktop/FindNest/FindNest/findnest-backend/vendor/laravel/framework/src/Illuminate/Pipeline/Pipeline.php(209): Illuminate/Http/Middleware/ValidatePostSize->handle(Object(Illuminate/Http/Request), Object(Closure))
#36 C:/Users/joshu/Desktop/FindNest/FindNest/findnest-backend/vendor/laravel/framework/src/Illuminate/Foundation/Http/Middleware/PreventRequestsDuringMaintenance.php(110): Illuminate/Pipeline/Pipeline->Illuminate/Pipeline/{closure}(Object(Illuminate/Http/Request))
#37 C:/Users/joshu/Desktop/FindNest/FindNest/findnest-backend/vendor/laravel/framework/src/Illuminate/Pipeline/Pipeline.php(209): Illuminate/Foundation/Http/Middleware/PreventRequestsDuringMaintenance->handle(Object(Illuminate/Http/Request), Object(Closure))
#38 C:/Users/joshu/Desktop/FindNest/FindNest/findnest-backend/vendor/laravel/framework/src/Illuminate/Http/Middleware/HandleCors.php(62): Illuminate/Pipeline/Pipeline->Illuminate/Pipeline/{closure}(Object(Illuminate/Http/Request))
#39 C:/Users/joshu/Desktop/FindNest/FindNest/findnest-backend/vendor/laravel/framework/src/Illuminate/Pipeline/Pipeline.php(209): Illuminate/Http/Middleware/HandleCors->handle(Object(Illuminate/Http/Request), Object(Closure))
#40 C:/Users/joshu/Desktop/FindNest/FindNest/findnest-backend/vendor/laravel/framework/src/Illuminate/Http/Middleware/TrustProxies.php(58): Illuminate/Pipeline/Pipeline->Illuminate/Pipeline/{closure}(Object(Illuminate/Http/Request))
#41 C:/Users/joshu/Desktop/FindNest/FindNest/findnest-backend/vendor/laravel/framework/src/Illuminate/Pipeline/Pipeline.php(209): Illuminate/Http/Middleware/TrustProxies->handle(Object(Illuminate/Http/Request), Object(Closure))
#42 C:/Users/joshu/Desktop/FindNest/FindNest/findnest-backend/vendor/laravel/framework/src/Illuminate/Foundation/Http/Middleware/InvokeDeferredCallbacks.php(22): Illuminate/Pipeline/Pipeline->Illuminate/Pipeline/{closure}(Object(Illuminate/Http/Request))
#43 C:/Users/joshu/Desktop/FindNest/FindNest/findnest-backend/vendor/laravel/framework/src/Illuminate/Pipeline/Pipeline.php(209): Illuminate/Foundation/Http/Middleware/InvokeDeferredCallbacks->handle(Object(Illuminate/Http/Request), Object(Closure))
#44 C:/Users/joshu/Desktop/FindNest/FindNest/findnest-backend/vendor/laravel/framework/src/Illuminate/Pipeline/Pipeline.php(127): Illuminate/Pipeline/Pipeline->Illuminate/Pipeline/{closure}(Object(Illuminate/Http/Request))
#45 C:/Users/joshu/Desktop/FindNest/FindNest/findnest-backend/vendor/laravel/framework/src/Illuminate/Foundation/Http/Kernel.php(176): Illuminate/Pipeline/Pipeline->then(Object(Closure))
#46 C:/Users/joshu/Desktop/FindNest/FindNest/findnest-backend/vendor/laravel/framework/src/Illuminate/Foundation/Http/Kernel.php(145): Illuminate/Foundation/Http/Kernel->sendRequestThroughRouter(Object(Illuminate/Http/Request))
#47 C:/Users/joshu/Desktop/FindNest/FindNest/findnest-backend/vendor/laravel/framework/src/Illuminate/Foundation/Application.php(1220): Illuminate/Foundation/Http/Kernel->handle(Object(Illuminate/Http/Request))
#48 C:/Users/joshu/Desktop/FindNest/FindNest/findnest-backend/public/index.php(17): Illuminate/Foundation/Application->handleRequest(Object(Illuminate/Http/Request))
#49 C:/Users/joshu/Desktop/FindNest/FindNest/findnest-backend/vendor/laravel/framework/src/Illuminate/Foundation/resources/server.php(23): require_once('C://Users//joshu//...')
#50 {main}
"} 
[2026-07-21 09:05:31] local.ERROR: Trying to access array offset on value of type null {"userId":1,"exception":"[object] (ErrorException(code: 0): Trying to access array offset on value of type null at C:/Users/joshu/Desktop/FindNest/FindNest/findnest-backend/vendor/cloudinary-labs/cloudinary-laravel/src/CloudinaryServiceProvider.php:64)
[stacktrace]
#0 C:/Users/joshu/Desktop/FindNest/FindNest/findnest-backend/vendor/laravel/framework/src/Illuminate/Foundation/Bootstrap/HandleExceptions.php(258): Illuminate/Foundation/Bootstrap/HandleExceptions->handleError(2, 'Trying to acces...', 'C://Users//joshu//...', 64)
#1 C:/Users/joshu/Desktop/FindNest/FindNest/findnest-backend/vendor/cloudinary-labs/cloudinary-laravel/src/CloudinaryServiceProvider.php(64): Illuminate/Foundation/Bootstrap/HandleExceptions->Illuminate/Foundation/Bootstrap/{closure}(2, 'Trying to acces...', 'C://Users//joshu//...', 64)
#2 C:/Users/joshu/Desktop/FindNest/FindNest/findnest-backend/vendor/laravel/framework/src/Illuminate/Container/Container.php(952): CloudinaryLabs/CloudinaryLaravel/CloudinaryServiceProvider->CloudinaryLabs/CloudinaryLaravel/{closure}(Object(Illuminate/Foundation/Application), Array)
#3 C:/Users/joshu/Desktop/FindNest/FindNest/findnest-backend/vendor/laravel/framework/src/Illuminate/Container/Container.php(832): Illuminate/Container/Container->build(Object(Closure))
#4 C:/Users/joshu/Desktop/FindNest/FindNest/findnest-backend/vendor/laravel/framework/src/Illuminate/Foundation/Application.php(1078): Illuminate/Container/Container->resolve('Cloudinary//Clou...', Array, true)
#5 C:/Users/joshu/Desktop/FindNest/FindNest/findnest-backend/vendor/laravel/framework/src/Illuminate/Container/Container.php(763): Illuminate/Foundation/Application->resolve('Cloudinary//Clou...', Array)
#6 C:/Users/joshu/Desktop/FindNest/FindNest/findnest-backend/vendor/laravel/framework/src/Illuminate/Foundation/Application.php(1058): Illuminate/Container/Container->make('Cloudinary//Clou...', Array)
#7 C:/Users/joshu/Desktop/FindNest/FindNest/findnest-backend/vendor/laravel/framework/src/Illuminate/Container/Container.php(1580): Illuminate/Foundation/Application->make('Cloudinary//Clou...')
#8 C:/Users/joshu/Desktop/FindNest/FindNest/findnest-backend/vendor/laravel/framework/src/Illuminate/Support/Facades/Facade.php(239): Illuminate/Container/Container->offsetGet('Cloudinary//Clou...')
#9 C:/Users/joshu/Desktop/FindNest/FindNest/findnest-backend/vendor/laravel/framework/src/Illuminate/Support/Facades/Facade.php(210): Illuminate/Support/Facades/Facade::resolveFacadeInstance('Cloudinary//Clou...')
#10 C:/Users/joshu/Desktop/FindNest/FindNest/findnest-backend/vendor/laravel/framework/src/Illuminate/Support/Facades/Facade.php(355): Illuminate/Support/Facades/Facade::getFacadeRoot()
#11 C:/Users/joshu/Desktop/FindNest/FindNest/findnest-backend/app/Http/Controllers/Api/UploadController.php(22): Illuminate/Support/Facades/Facade::__callStatic('upload', Array)
#12 C:/Users/joshu/Desktop/FindNest/FindNest/findnest-backend/vendor/laravel/framework/src/Illuminate/Routing/ControllerDispatcher.php(47): App/Http/Controllers/Api/UploadController->uploadImage(Object(Illuminate/Http/Request))
#13 C:/Users/joshu/Desktop/FindNest/FindNest/findnest-backend/vendor/laravel/framework/src/Illuminate/Routing/Route.php(266): Illuminate/Routing/ControllerDispatcher->dispatch(Object(Illuminate/Routing/Route), Object(App/Http/Controllers/Api/UploadController), 'uploadImage')
#14 C:/Users/joshu/Desktop/FindNest/FindNest/findnest-backend/vendor/laravel/framework/src/Illuminate/Routing/Route.php(212): Illuminate/Routing/Route->runController()
#15 C:/Users/joshu/Desktop/FindNest/FindNest/findnest-backend/vendor/laravel/framework/src/Illuminate/Routing/Router.php(808): Illuminate/Routing/Route->run()
#16 C:/Users/joshu/Desktop/FindNest/FindNest/findnest-backend/vendor/laravel/framework/src/Illuminate/Pipeline/Pipeline.php(170): Illuminate/Routing/Router->Illuminate/Routing/{closure}(Object(Illuminate/Http/Request))
#17 C:/Users/joshu/Desktop/FindNest/FindNest/findnest-backend/vendor/laravel/framework/src/Illuminate/Routing/Middleware/SubstituteBindings.php(51): Illuminate/Pipeline/Pipeline->Illuminate/Pipeline/{closure}(Object(Illuminate/Http/Request))
#18 C:/Users/joshu/Desktop/FindNest/FindNest/findnest-backend/vendor/laravel/framework/src/Illuminate/Pipeline/Pipeline.php(209): Illuminate/Routing/Middleware/SubstituteBindings->handle(Object(Illuminate/Http/Request), Object(Closure))
#19 C:/Users/joshu/Desktop/FindNest/FindNest/findnest-backend/vendor/laravel/framework/src/Illuminate/Auth/Middleware/Authenticate.php(64): Illuminate/Pipeline/Pipeline->Illuminate/Pipeline/{closure}(Object(Illuminate/Http/Request))
#20 C:/Users/joshu/Desktop/FindNest/FindNest/findnest-backend/vendor/laravel/framework/src/Illuminate/Pipeline/Pipeline.php(209): Illuminate/Auth/Middleware/Authenticate->handle(Object(Illuminate/Http/Request), Object(Closure), 'sanctum')
#21 C:/Users/joshu/Desktop/FindNest/FindNest/findnest-backend/vendor/laravel/framework/src/Illuminate/Pipeline/Pipeline.php(127): Illuminate/Pipeline/Pipeline->Illuminate/Pipeline/{closure}(Object(Illuminate/Http/Request))
#22 C:/Users/joshu/Desktop/FindNest/FindNest/findnest-backend/vendor/laravel/framework/src/Illuminate/Routing/Router.php(807): Illuminate/Pipeline/Pipeline->then(Object(Closure))
#23 C:/Users/joshu/Desktop/FindNest/FindNest/findnest-backend/vendor/laravel/framework/src/Illuminate/Routing/Router.php(786): Illuminate/Routing/Router->runRouteWithinStack(Object(Illuminate/Routing/Route), Object(Illuminate/Http/Request))
#24 C:/Users/joshu/Desktop/FindNest/FindNest/findnest-backend/vendor/laravel/framework/src/Illuminate/Routing/Router.php(750): Illuminate/Routing/Router->runRoute(Object(Illuminate/Http/Request), Object(Illuminate/Routing/Route))
#25 C:/Users/joshu/Desktop/FindNest/FindNest/findnest-backend/vendor/laravel/framework/src/Illuminate/Routing/Router.php(739): Illuminate/Routing/Router->dispatchToRoute(Object(Illuminate/Http/Request))
#26 C:/Users/joshu/Desktop/FindNest/FindNest/findnest-backend/vendor/laravel/framework/src/Illuminate/Foundation/Http/Kernel.php(201): Illuminate/Routing/Router->dispatch(Object(Illuminate/Http/Request))
#27 C:/Users/joshu/Desktop/FindNest/FindNest/findnest-backend/vendor/laravel/framework/src/Illuminate/Pipeline/Pipeline.php(170): Illuminate/Foundation/Http/Kernel->Illuminate/Foundation/Http/{closure}(Object(Illuminate/Http/Request))
#28 C:/Users/joshu/Desktop/FindNest/FindNest/findnest-backend/vendor/laravel/framework/src/Illuminate/Foundation/Http/Middleware/TransformsRequest.php(21): Illuminate/Pipeline/Pipeline->Illuminate/Pipeline/{closure}(Object(Illuminate/Http/Request))
#29 C:/Users/joshu/Desktop/FindNest/FindNest/findnest-backend/vendor/laravel/framework/src/Illuminate/Foundation/Http/Middleware/ConvertEmptyStringsToNull.php(31): Illuminate/Foundation/Http/Middleware/TransformsRequest->handle(Object(Illuminate/Http/Request), Object(Closure))
#30 C:/Users/joshu/Desktop/FindNest/FindNest/findnest-backend/vendor/laravel/framework/src/Illuminate/Pipeline/Pipeline.php(209): Illuminate/Foundation/Http/Middleware/ConvertEmptyStringsToNull->handle(Object(Illuminate/Http/Request), Object(Closure))
#31 C:/Users/joshu/Desktop/FindNest/FindNest/findnest-backend/vendor/laravel/framework/src/Illuminate/Foundation/Http/Middleware/TransformsRequest.php(21): Illuminate/Pipeline/Pipeline->Illuminate/Pipeline/{closure}(Object(Illuminate/Http/Request))
#32 C:/Users/joshu/Desktop/FindNest/FindNest/findnest-backend/vendor/laravel/framework/src/Illuminate/Foundation/Http/Middleware/TrimStrings.php(51): Illuminate/Foundation/Http/Middleware/TransformsRequest->handle(Object(Illuminate/Http/Request), Object(Closure))
#33 C:/Users/joshu/Desktop/FindNest/FindNest/findnest-backend/vendor/laravel/framework/src/Illuminate/Pipeline/Pipeline.php(209): Illuminate/Foundation/Http/Middleware/TrimStrings->handle(Object(Illuminate/Http/Request), Object(Closure))
#34 C:/Users/joshu/Desktop/FindNest/FindNest/findnest-backend/vendor/laravel/framework/src/Illuminate/Http/Middleware/ValidatePostSize.php(27): Illuminate/Pipeline/Pipeline->Illuminate/Pipeline/{closure}(Object(Illuminate/Http/Request))
#35 C:/Users/joshu/Desktop/FindNest/FindNest/findnest-backend/vendor/laravel/framework/src/Illuminate/Pipeline/Pipeline.php(209): Illuminate/Http/Middleware/ValidatePostSize->handle(Object(Illuminate/Http/Request), Object(Closure))
#36 C:/Users/joshu/Desktop/FindNest/FindNest/findnest-backend/vendor/laravel/framework/src/Illuminate/Foundation/Http/Middleware/PreventRequestsDuringMaintenance.php(110): Illuminate/Pipeline/Pipeline->Illuminate/Pipeline/{closure}(Object(Illuminate/Http/Request))
#37 C:/Users/joshu/Desktop/FindNest/FindNest/findnest-backend/vendor/laravel/framework/src/Illuminate/Pipeline/Pipeline.php(209): Illuminate/Foundation/Http/Middleware/PreventRequestsDuringMaintenance->handle(Object(Illuminate/Http/Request), Object(Closure))
#38 C:/Users/joshu/Desktop/FindNest/FindNest/findnest-backend/vendor/laravel/framework/src/Illuminate/Http/Middleware/HandleCors.php(62): Illuminate/Pipeline/Pipeline->Illuminate/Pipeline/{closure}(Object(Illuminate/Http/Request))
#39 C:/Users/joshu/Desktop/FindNest/FindNest/findnest-backend/vendor/laravel/framework/src/Illuminate/Pipeline/Pipeline.php(209): Illuminate/Http/Middleware/HandleCors->handle(Object(Illuminate/Http/Request), Object(Closure))
#40 C:/Users/joshu/Desktop/FindNest/FindNest/findnest-backend/vendor/laravel/framework/src/Illuminate/Http/Middleware/TrustProxies.php(58): Illuminate/Pipeline/Pipeline->Illuminate/Pipeline/{closure}(Object(Illuminate/Http/Request))
#41 C:/Users/joshu/Desktop/FindNest/FindNest/findnest-backend/vendor/laravel/framework/src/Illuminate/Pipeline/Pipeline.php(209): Illuminate/Http/Middleware/TrustProxies->handle(Object(Illuminate/Http/Request), Object(Closure))
#42 C:/Users/joshu/Desktop/FindNest/FindNest/findnest-backend/vendor/laravel/framework/src/Illuminate/Foundation/Http/Middleware/InvokeDeferredCallbacks.php(22): Illuminate/Pipeline/Pipeline->Illuminate/Pipeline/{closure}(Object(Illuminate/Http/Request))
#43 C:/Users/joshu/Desktop/FindNest/FindNest/findnest-backend/vendor/laravel/framework/src/Illuminate/Pipeline/Pipeline.php(209): Illuminate/Foundation/Http/Middleware/InvokeDeferredCallbacks->handle(Object(Illuminate/Http/Request), Object(Closure))
#44 C:/Users/joshu/Desktop/FindNest/FindNest/findnest-backend/vendor/laravel/framework/src/Illuminate/Pipeline/Pipeline.php(127): Illuminate/Pipeline/Pipeline->Illuminate/Pipeline/{closure}(Object(Illuminate/Http/Request))
#45 C:/Users/joshu/Desktop/FindNest/FindNest/findnest-backend/vendor/laravel/framework/src/Illuminate/Foundation/Http/Kernel.php(176): Illuminate/Pipeline/Pipeline->then(Object(Closure))
#46 C:/Users/joshu/Desktop/FindNest/FindNest/findnest-backend/vendor/laravel/framework/src/Illuminate/Foundation/Http/Kernel.php(145): Illuminate/Foundation/Http/Kernel->sendRequestThroughRouter(Object(Illuminate/Http/Request))
#47 C:/Users/joshu/Desktop/FindNest/FindNest/findnest-backend/vendor/laravel/framework/src/Illuminate/Foundation/Application.php(1220): Illuminate/Foundation/Http/Kernel->handle(Object(Illuminate/Http/Request))
#48 C:/Users/joshu/Desktop/FindNest/FindNest/findnest-backend/public/index.php(17): Illuminate/Foundation/Application->handleRequest(Object(Illuminate/Http/Request))
#49 C:/Users/joshu/Desktop/FindNest/FindNest/findnest-backend/vendor/laravel/framework/src/Illuminate/Foundation/resources/server.php(23): require_once('C://Users//joshu//...')
#50 {main}
"} 
[2026-07-21 09:12:37] local.ERROR: Trying to access array offset on value of type null {"userId":1,"exception":"[object] (ErrorException(code: 0): Trying to access array offset on value of type null at C:/Users/joshu/Desktop/FindNest/FindNest/findnest-backend/vendor/cloudinary-labs/cloudinary-laravel/src/CloudinaryServiceProvider.php:64)
[stacktrace]
#0 C:/Users/joshu/Desktop/FindNest/FindNest/findnest-backend/vendor/laravel/framework/src/Illuminate/Foundation/Bootstrap/HandleExceptions.php(258): Illuminate/Foundation/Bootstrap/HandleExceptions->handleError(2, 'Trying to acces...', 'C://Users//joshu//...', 64)
#1 C:/Users/joshu/Desktop/FindNest/FindNest/findnest-backend/vendor/cloudinary-labs/cloudinary-laravel/src/CloudinaryServiceProvider.php(64): Illuminate/Foundation/Bootstrap/HandleExceptions->Illuminate/Foundation/Bootstrap/{closure}(2, 'Trying to acces...', 'C://Users//joshu//...', 64)
#2 C:/Users/joshu/Desktop/FindNest/FindNest/findnest-backend/vendor/laravel/framework/src/Illuminate/Container/Container.php(952): CloudinaryLabs/CloudinaryLaravel/CloudinaryServiceProvider->CloudinaryLabs/CloudinaryLaravel/{closure}(Object(Illuminate/Foundation/Application), Array)
#3 C:/Users/joshu/Desktop/FindNest/FindNest/findnest-backend/vendor/laravel/framework/src/Illuminate/Container/Container.php(832): Illuminate/Container/Container->build(Object(Closure))
#4 C:/Users/joshu/Desktop/FindNest/FindNest/findnest-backend/vendor/laravel/framework/src/Illuminate/Foundation/Application.php(1078): Illuminate/Container/Container->resolve('Cloudinary//Clou...', Array, true)
#5 C:/Users/joshu/Desktop/FindNest/FindNest/findnest-backend/vendor/laravel/framework/src/Illuminate/Container/Container.php(763): Illuminate/Foundation/Application->resolve('Cloudinary//Clou...', Array)
#6 C:/Users/joshu/Desktop/FindNest/FindNest/findnest-backend/vendor/laravel/framework/src/Illuminate/Foundation/Application.php(1058): Illuminate/Container/Container->make('Cloudinary//Clou...', Array)
#7 C:/Users/joshu/Desktop/FindNest/FindNest/findnest-backend/vendor/laravel/framework/src/Illuminate/Container/Container.php(1580): Illuminate/Foundation/Application->make('Cloudinary//Clou...')
#8 C:/Users/joshu/Desktop/FindNest/FindNest/findnest-backend/vendor/laravel/framework/src/Illuminate/Support/Facades/Facade.php(239): Illuminate/Container/Container->offsetGet('Cloudinary//Clou...')
#9 C:/Users/joshu/Desktop/FindNest/FindNest/findnest-backend/vendor/laravel/framework/src/Illuminate/Support/Facades/Facade.php(210): Illuminate/Support/Facades/Facade::resolveFacadeInstance('Cloudinary//Clou...')
#10 C:/Users/joshu/Desktop/FindNest/FindNest/findnest-backend/vendor/laravel/framework/src/Illuminate/Support/Facades/Facade.php(355): Illuminate/Support/Facades/Facade::getFacadeRoot()
#11 C:/Users/joshu/Desktop/FindNest/FindNest/findnest-backend/app/Http/Controllers/Api/UploadController.php(22): Illuminate/Support/Facades/Facade::__callStatic('upload', Array)
#12 C:/Users/joshu/Desktop/FindNest/FindNest/findnest-backend/vendor/laravel/framework/src/Illuminate/Routing/ControllerDispatcher.php(47): App/Http/Controllers/Api/UploadController->uploadImage(Object(Illuminate/Http/Request))
#13 C:/Users/joshu/Desktop/FindNest/FindNest/findnest-backend/vendor/laravel/framework/src/Illuminate/Routing/Route.php(266): Illuminate/Routing/ControllerDispatcher->dispatch(Object(Illuminate/Routing/Route), Object(App/Http/Controllers/Api/UploadController), 'uploadImage')
#14 C:/Users/joshu/Desktop/FindNest/FindNest/findnest-backend/vendor/laravel/framework/src/Illuminate/Routing/Route.php(212): Illuminate/Routing/Route->runController()
#15 C:/Users/joshu/Desktop/FindNest/FindNest/findnest-backend/vendor/laravel/framework/src/Illuminate/Routing/Router.php(808): Illuminate/Routing/Route->run()
#16 C:/Users/joshu/Desktop/FindNest/FindNest/findnest-backend/vendor/laravel/framework/src/Illuminate/Pipeline/Pipeline.php(170): Illuminate/Routing/Router->Illuminate/Routing/{closure}(Object(Illuminate/Http/Request))
#17 C:/Users/joshu/Desktop/FindNest/FindNest/findnest-backend/vendor/laravel/framework/src/Illuminate/Routing/Middleware/SubstituteBindings.php(51): Illuminate/Pipeline/Pipeline->Illuminate/Pipeline/{closure}(Object(Illuminate/Http/Request))
#18 C:/Users/joshu/Desktop/FindNest/FindNest/findnest-backend/vendor/laravel/framework/src/Illuminate/Pipeline/Pipeline.php(209): Illuminate/Routing/Middleware/SubstituteBindings->handle(Object(Illuminate/Http/Request), Object(Closure))
#19 C:/Users/joshu/Desktop/FindNest/FindNest/findnest-backend/vendor/laravel/framework/src/Illuminate/Auth/Middleware/Authenticate.php(64): Illuminate/Pipeline/Pipeline->Illuminate/Pipeline/{closure}(Object(Illuminate/Http/Request))
#20 C:/Users/joshu/Desktop/FindNest/FindNest/findnest-backend/vendor/laravel/framework/src/Illuminate/Pipeline/Pipeline.php(209): Illuminate/Auth/Middleware/Authenticate->handle(Object(Illuminate/Http/Request), Object(Closure), 'sanctum')
#21 C:/Users/joshu/Desktop/FindNest/FindNest/findnest-backend/vendor/laravel/framework/src/Illuminate/Pipeline/Pipeline.php(127): Illuminate/Pipeline/Pipeline->Illuminate/Pipeline/{closure}(Object(Illuminate/Http/Request))
#22 C:/Users/joshu/Desktop/FindNest/FindNest/findnest-backend/vendor/laravel/framework/src/Illuminate/Routing/Router.php(807): Illuminate/Pipeline/Pipeline->then(Object(Closure))
#23 C:/Users/joshu/Desktop/FindNest/FindNest/findnest-backend/vendor/laravel/framework/src/Illuminate/Routing/Router.php(786): Illuminate/Routing/Router->runRouteWithinStack(Object(Illuminate/Routing/Route), Object(Illuminate/Http/Request))
#24 C:/Users/joshu/Desktop/FindNest/FindNest/findnest-backend/vendor/laravel/framework/src/Illuminate/Routing/Router.php(750): Illuminate/Routing/Router->runRoute(Object(Illuminate/Http/Request), Object(Illuminate/Routing/Route))
#25 C:/Users/joshu/Desktop/FindNest/FindNest/findnest-backend/vendor/laravel/framework/src/Illuminate/Routing/Router.php(739): Illuminate/Routing/Router->dispatchToRoute(Object(Illuminate/Http/Request))
#26 C:/Users/joshu/Desktop/FindNest/FindNest/findnest-backend/vendor/laravel/framework/src/Illuminate/Foundation/Http/Kernel.php(201): Illuminate/Routing/Router->dispatch(Object(Illuminate/Http/Request))
#27 C:/Users/joshu/Desktop/FindNest/FindNest/findnest-backend/vendor/laravel/framework/src/Illuminate/Pipeline/Pipeline.php(170): Illuminate/Foundation/Http/Kernel->Illuminate/Foundation/Http/{closure}(Object(Illuminate/Http/Request))
#28 C:/Users/joshu/Desktop/FindNest/FindNest/findnest-backend/vendor/laravel/framework/src/Illuminate/Foundation/Http/Middleware/TransformsRequest.php(21): Illuminate/Pipeline/Pipeline->Illuminate/Pipeline/{closure}(Object(Illuminate/Http/Request))
#29 C:/Users/joshu/Desktop/FindNest/FindNest/findnest-backend/vendor/laravel/framework/src/Illuminate/Foundation/Http/Middleware/ConvertEmptyStringsToNull.php(31): Illuminate/Foundation/Http/Middleware/TransformsRequest->handle(Object(Illuminate/Http/Request), Object(Closure))
#30 C:/Users/joshu/Desktop/FindNest/FindNest/findnest-backend/vendor/laravel/framework/src/Illuminate/Pipeline/Pipeline.php(209): Illuminate/Foundation/Http/Middleware/ConvertEmptyStringsToNull->handle(Object(Illuminate/Http/Request), Object(Closure))
#31 C:/Users/joshu/Desktop/FindNest/FindNest/findnest-backend/vendor/laravel/framework/src/Illuminate/Foundation/Http/Middleware/TransformsRequest.php(21): Illuminate/Pipeline/Pipeline->Illuminate/Pipeline/{closure}(Object(Illuminate/Http/Request))
#32 C:/Users/joshu/Desktop/FindNest/FindNest/findnest-backend/vendor/laravel/framework/src/Illuminate/Foundation/Http/Middleware/TrimStrings.php(51): Illuminate/Foundation/Http/Middleware/TransformsRequest->handle(Object(Illuminate/Http/Request), Object(Closure))
#33 C:/Users/joshu/Desktop/FindNest/FindNest/findnest-backend/vendor/laravel/framework/src/Illuminate/Pipeline/Pipeline.php(209): Illuminate/Foundation/Http/Middleware/TrimStrings->handle(Object(Illuminate/Http/Request), Object(Closure))
#34 C:/Users/joshu/Desktop/FindNest/FindNest/findnest-backend/vendor/laravel/framework/src/Illuminate/Http/Middleware/ValidatePostSize.php(27): Illuminate/Pipeline/Pipeline->Illuminate/Pipeline/{closure}(Object(Illuminate/Http/Request))
#35 C:/Users/joshu/Desktop/FindNest/FindNest/findnest-backend/vendor/laravel/framework/src/Illuminate/Pipeline/Pipeline.php(209): Illuminate/Http/Middleware/ValidatePostSize->handle(Object(Illuminate/Http/Request), Object(Closure))
#36 C:/Users/joshu/Desktop/FindNest/FindNest/findnest-backend/vendor/laravel/framework/src/Illuminate/Foundation/Http/Middleware/PreventRequestsDuringMaintenance.php(110): Illuminate/Pipeline/Pipeline->Illuminate/Pipeline/{closure}(Object(Illuminate/Http/Request))
#37 C:/Users/joshu/Desktop/FindNest/FindNest/findnest-backend/vendor/laravel/framework/src/Illuminate/Pipeline/Pipeline.php(209): Illuminate/Foundation/Http/Middleware/PreventRequestsDuringMaintenance->handle(Object(Illuminate/Http/Request), Object(Closure))
#38 C:/Users/joshu/Desktop/FindNest/FindNest/findnest-backend/vendor/laravel/framework/src/Illuminate/Http/Middleware/HandleCors.php(62): Illuminate/Pipeline/Pipeline->Illuminate/Pipeline/{closure}(Object(Illuminate/Http/Request))
#39 C:/Users/joshu/Desktop/FindNest/FindNest/findnest-backend/vendor/laravel/framework/src/Illuminate/Pipeline/Pipeline.php(209): Illuminate/Http/Middleware/HandleCors->handle(Object(Illuminate/Http/Request), Object(Closure))
#40 C:/Users/joshu/Desktop/FindNest/FindNest/findnest-backend/vendor/laravel/framework/src/Illuminate/Http/Middleware/TrustProxies.php(58): Illuminate/Pipeline/Pipeline->Illuminate/Pipeline/{closure}(Object(Illuminate/Http/Request))
#41 C:/Users/joshu/Desktop/FindNest/FindNest/findnest-backend/vendor/laravel/framework/src/Illuminate/Pipeline/Pipeline.php(209): Illuminate/Http/Middleware/TrustProxies->handle(Object(Illuminate/Http/Request), Object(Closure))
#42 C:/Users/joshu/Desktop/FindNest/FindNest/findnest-backend/vendor/laravel/framework/src/Illuminate/Foundation/Http/Middleware/InvokeDeferredCallbacks.php(22): Illuminate/Pipeline/Pipeline->Illuminate/Pipeline/{closure}(Object(Illuminate/Http/Request))
#43 C:/Users/joshu/Desktop/FindNest/FindNest/findnest-backend/vendor/laravel/framework/src/Illuminate/Pipeline/Pipeline.php(209): Illuminate/Foundation/Http/Middleware/InvokeDeferredCallbacks->handle(Object(Illuminate/Http/Request), Object(Closure))
#44 C:/Users/joshu/Desktop/FindNest/FindNest/findnest-backend/vendor/laravel/framework/src/Illuminate/Pipeline/Pipeline.php(127): Illuminate/Pipeline/Pipeline->Illuminate/Pipeline/{closure}(Object(Illuminate/Http/Request))
#45 C:/Users/joshu/Desktop/FindNest/FindNest/findnest-backend/vendor/laravel/framework/src/Illuminate/Foundation/Http/Kernel.php(176): Illuminate/Pipeline/Pipeline->then(Object(Closure))
#46 C:/Users/joshu/Desktop/FindNest/FindNest/findnest-backend/vendor/laravel/framework/src/Illuminate/Foundation/Http/Kernel.php(145): Illuminate/Foundation/Http/Kernel->sendRequestThroughRouter(Object(Illuminate/Http/Request))
#47 C:/Users/joshu/Desktop/FindNest/FindNest/findnest-backend/vendor/laravel/framework/src/Illuminate/Foundation/Application.php(1220): Illuminate/Foundation/Http/Kernel->handle(Object(Illuminate/Http/Request))
#48 C:/Users/joshu/Desktop/FindNest/FindNest/findnest-backend/public/index.php(17): Illuminate/Foundation/Application->handleRequest(Object(Illuminate/Http/Request))
#49 C:/Users/joshu/Desktop/FindNest/FindNest/findnest-backend/vendor/laravel/framework/src/Illuminate/Foundation/resources/server.php(23): require_once('C://Users//joshu//...')
#50 {main}
"} 
[2026-07-21 09:18:15] local.ERROR: Trying to access array offset on value of type null {"userId":1,"exception":"[object] (ErrorException(code: 0): Trying to access array offset on value of type null at C:/Users/joshu/Desktop/FindNest/FindNest/findnest-backend/vendor/cloudinary-labs/cloudinary-laravel/src/CloudinaryServiceProvider.php:64)
[stacktrace]
#0 C:/Users/joshu/Desktop/FindNest/FindNest/findnest-backend/vendor/laravel/framework/src/Illuminate/Foundation/Bootstrap/HandleExceptions.php(258): Illuminate/Foundation/Bootstrap/HandleExceptions->handleError(2, 'Trying to acces...', 'C://Users//joshu//...', 64)
#1 C:/Users/joshu/Desktop/FindNest/FindNest/findnest-backend/vendor/cloudinary-labs/cloudinary-laravel/src/CloudinaryServiceProvider.php(64): Illuminate/Foundation/Bootstrap/HandleExceptions->Illuminate/Foundation/Bootstrap/{closure}(2, 'Trying to acces...', 'C://Users//joshu//...', 64)
#2 C:/Users/joshu/Desktop/FindNest/FindNest/findnest-backend/vendor/laravel/framework/src/Illuminate/Container/Container.php(952): CloudinaryLabs/CloudinaryLaravel/CloudinaryServiceProvider->CloudinaryLabs/CloudinaryLaravel/{closure}(Object(Illuminate/Foundation/Application), Array)
#3 C:/Users/joshu/Desktop/FindNest/FindNest/findnest-backend/vendor/laravel/framework/src/Illuminate/Container/Container.php(832): Illuminate/Container/Container->build(Object(Closure))
#4 C:/Users/joshu/Desktop/FindNest/FindNest/findnest-backend/vendor/laravel/framework/src/Illuminate/Foundation/Application.php(1078): Illuminate/Container/Container->resolve('Cloudinary//Clou...', Array, true)
#5 C:/Users/joshu/Desktop/FindNest/FindNest/findnest-backend/vendor/laravel/framework/src/Illuminate/Container/Container.php(763): Illuminate/Foundation/Application->resolve('Cloudinary//Clou...', Array)
#6 C:/Users/joshu/Desktop/FindNest/FindNest/findnest-backend/vendor/laravel/framework/src/Illuminate/Foundation/Application.php(1058): Illuminate/Container/Container->make('Cloudinary//Clou...', Array)
#7 C:/Users/joshu/Desktop/FindNest/FindNest/findnest-backend/vendor/laravel/framework/src/Illuminate/Container/Container.php(1580): Illuminate/Foundation/Application->make('Cloudinary//Clou...')
#8 C:/Users/joshu/Desktop/FindNest/FindNest/findnest-backend/vendor/laravel/framework/src/Illuminate/Support/Facades/Facade.php(239): Illuminate/Container/Container->offsetGet('Cloudinary//Clou...')
#9 C:/Users/joshu/Desktop/FindNest/FindNest/findnest-backend/vendor/laravel/framework/src/Illuminate/Support/Facades/Facade.php(210): Illuminate/Support/Facades/Facade::resolveFacadeInstance('Cloudinary//Clou...')
#10 C:/Users/joshu/Desktop/FindNest/FindNest/findnest-backend/vendor/laravel/framework/src/Illuminate/Support/Facades/Facade.php(355): Illuminate/Support/Facades/Facade::getFacadeRoot()
#11 C:/Users/joshu/Desktop/FindNest/FindNest/findnest-backend/app/Http/Controllers/Api/UploadController.php(22): Illuminate/Support/Facades/Facade::__callStatic('upload', Array)
#12 C:/Users/joshu/Desktop/FindNest/FindNest/findnest-backend/vendor/laravel/framework/src/Illuminate/Routing/ControllerDispatcher.php(47): App/Http/Controllers/Api/UploadController->uploadImage(Object(Illuminate/Http/Request))
#13 C:/Users/joshu/Desktop/FindNest/FindNest/findnest-backend/vendor/laravel/framework/src/Illuminate/Routing/Route.php(266): Illuminate/Routing/ControllerDispatcher->dispatch(Object(Illuminate/Routing/Route), Object(App/Http/Controllers/Api/UploadController), 'uploadImage')
#14 C:/Users/joshu/Desktop/FindNest/FindNest/findnest-backend/vendor/laravel/framework/src/Illuminate/Routing/Route.php(212): Illuminate/Routing/Route->runController()
#15 C:/Users/joshu/Desktop/FindNest/FindNest/findnest-backend/vendor/laravel/framework/src/Illuminate/Routing/Router.php(808): Illuminate/Routing/Route->run()
#16 C:/Users/joshu/Desktop/FindNest/FindNest/findnest-backend/vendor/laravel/framework/src/Illuminate/Pipeline/Pipeline.php(170): Illuminate/Routing/Router->Illuminate/Routing/{closure}(Object(Illuminate/Http/Request))
#17 C:/Users/joshu/Desktop/FindNest/FindNest/findnest-backend/vendor/laravel/framework/src/Illuminate/Routing/Middleware/SubstituteBindings.php(51): Illuminate/Pipeline/Pipeline->Illuminate/Pipeline/{closure}(Object(Illuminate/Http/Request))
#18 C:/Users/joshu/Desktop/FindNest/FindNest/findnest-backend/vendor/laravel/framework/src/Illuminate/Pipeline/Pipeline.php(209): Illuminate/Routing/Middleware/SubstituteBindings->handle(Object(Illuminate/Http/Request), Object(Closure))
#19 C:/Users/joshu/Desktop/FindNest/FindNest/findnest-backend/vendor/laravel/framework/src/Illuminate/Auth/Middleware/Authenticate.php(64): Illuminate/Pipeline/Pipeline->Illuminate/Pipeline/{closure}(Object(Illuminate/Http/Request))
#20 C:/Users/joshu/Desktop/FindNest/FindNest/findnest-backend/vendor/laravel/framework/src/Illuminate/Pipeline/Pipeline.php(209): Illuminate/Auth/Middleware/Authenticate->handle(Object(Illuminate/Http/Request), Object(Closure), 'sanctum')
#21 C:/Users/joshu/Desktop/FindNest/FindNest/findnest-backend/vendor/laravel/framework/src/Illuminate/Pipeline/Pipeline.php(127): Illuminate/Pipeline/Pipeline->Illuminate/Pipeline/{closure}(Object(Illuminate/Http/Request))
#22 C:/Users/joshu/Desktop/FindNest/FindNest/findnest-backend/vendor/laravel/framework/src/Illuminate/Routing/Router.php(807): Illuminate/Pipeline/Pipeline->then(Object(Closure))
#23 C:/Users/joshu/Desktop/FindNest/FindNest/findnest-backend/vendor/laravel/framework/src/Illuminate/Routing/Router.php(786): Illuminate/Routing/Router->runRouteWithinStack(Object(Illuminate/Routing/Route), Object(Illuminate/Http/Request))
#24 C:/Users/joshu/Desktop/FindNest/FindNest/findnest-backend/vendor/laravel/framework/src/Illuminate/Routing/Router.php(750): Illuminate/Routing/Router->runRoute(Object(Illuminate/Http/Request), Object(Illuminate/Routing/Route))
#25 C:/Users/joshu/Desktop/FindNest/FindNest/findnest-backend/vendor/laravel/framework/src/Illuminate/Routing/Router.php(739): Illuminate/Routing/Router->dispatchToRoute(Object(Illuminate/Http/Request))
#26 C:/Users/joshu/Desktop/FindNest/FindNest/findnest-backend/vendor/laravel/framework/src/Illuminate/Foundation/Http/Kernel.php(201): Illuminate/Routing/Router->dispatch(Object(Illuminate/Http/Request))
#27 C:/Users/joshu/Desktop/FindNest/FindNest/findnest-backend/vendor/laravel/framework/src/Illuminate/Pipeline/Pipeline.php(170): Illuminate/Foundation/Http/Kernel->Illuminate/Foundation/Http/{closure}(Object(Illuminate/Http/Request))
#28 C:/Users/joshu/Desktop/FindNest/FindNest/findnest-backend/vendor/laravel/framework/src/Illuminate/Foundation/Http/Middleware/TransformsRequest.php(21): Illuminate/Pipeline/Pipeline->Illuminate/Pipeline/{closure}(Object(Illuminate/Http/Request))
#29 C:/Users/joshu/Desktop/FindNest/FindNest/findnest-backend/vendor/laravel/framework/src/Illuminate/Foundation/Http/Middleware/ConvertEmptyStringsToNull.php(31): Illuminate/Foundation/Http/Middleware/TransformsRequest->handle(Object(Illuminate/Http/Request), Object(Closure))
#30 C:/Users/joshu/Desktop/FindNest/FindNest/findnest-backend/vendor/laravel/framework/src/Illuminate/Pipeline/Pipeline.php(209): Illuminate/Foundation/Http/Middleware/ConvertEmptyStringsToNull->handle(Object(Illuminate/Http/Request), Object(Closure))
#31 C:/Users/joshu/Desktop/FindNest/FindNest/findnest-backend/vendor/laravel/framework/src/Illuminate/Foundation/Http/Middleware/TransformsRequest.php(21): Illuminate/Pipeline/Pipeline->Illuminate/Pipeline/{closure}(Object(Illuminate/Http/Request))
#32 C:/Users/joshu/Desktop/FindNest/FindNest/findnest-backend/vendor/laravel/framework/src/Illuminate/Foundation/Http/Middleware/TrimStrings.php(51): Illuminate/Foundation/Http/Middleware/TransformsRequest->handle(Object(Illuminate/Http/Request), Object(Closure))
#33 C:/Users/joshu/Desktop/FindNest/FindNest/findnest-backend/vendor/laravel/framework/src/Illuminate/Pipeline/Pipeline.php(209): Illuminate/Foundation/Http/Middleware/TrimStrings->handle(Object(Illuminate/Http/Request), Object(Closure))
#34 C:/Users/joshu/Desktop/FindNest/FindNest/findnest-backend/vendor/laravel/framework/src/Illuminate/Http/Middleware/ValidatePostSize.php(27): Illuminate/Pipeline/Pipeline->Illuminate/Pipeline/{closure}(Object(Illuminate/Http/Request))
#35 C:/Users/joshu/Desktop/FindNest/FindNest/findnest-backend/vendor/laravel/framework/src/Illuminate/Pipeline/Pipeline.php(209): Illuminate/Http/Middleware/ValidatePostSize->handle(Object(Illuminate/Http/Request), Object(Closure))
#36 C:/Users/joshu/Desktop/FindNest/FindNest/findnest-backend/vendor/laravel/framework/src/Illuminate/Foundation/Http/Middleware/PreventRequestsDuringMaintenance.php(110): Illuminate/Pipeline/Pipeline->Illuminate/Pipeline/{closure}(Object(Illuminate/Http/Request))
#37 C:/Users/joshu/Desktop/FindNest/FindNest/findnest-backend/vendor/laravel/framework/src/Illuminate/Pipeline/Pipeline.php(209): Illuminate/Foundation/Http/Middleware/PreventRequestsDuringMaintenance->handle(Object(Illuminate/Http/Request), Object(Closure))
#38 C:/Users/joshu/Desktop/FindNest/FindNest/findnest-backend/vendor/laravel/framework/src/Illuminate/Http/Middleware/HandleCors.php(62): Illuminate/Pipeline/Pipeline->Illuminate/Pipeline/{closure}(Object(Illuminate/Http/Request))
#39 C:/Users/joshu/Desktop/FindNest/FindNest/findnest-backend/vendor/laravel/framework/src/Illuminate/Pipeline/Pipeline.php(209): Illuminate/Http/Middleware/HandleCors->handle(Object(Illuminate/Http/Request), Object(Closure))
#40 C:/Users/joshu/Desktop/FindNest/FindNest/findnest-backend/vendor/laravel/framework/src/Illuminate/Http/Middleware/TrustProxies.php(58): Illuminate/Pipeline/Pipeline->Illuminate/Pipeline/{closure}(Object(Illuminate/Http/Request))
#41 C:/Users/joshu/Desktop/FindNest/FindNest/findnest-backend/vendor/laravel/framework/src/Illuminate/Pipeline/Pipeline.php(209): Illuminate/Http/Middleware/TrustProxies->handle(Object(Illuminate/Http/Request), Object(Closure))
#42 C:/Users/joshu/Desktop/FindNest/FindNest/findnest-backend/vendor/laravel/framework/src/Illuminate/Foundation/Http/Middleware/InvokeDeferredCallbacks.php(22): Illuminate/Pipeline/Pipeline->Illuminate/Pipeline/{closure}(Object(Illuminate/Http/Request))
#43 C:/Users/joshu/Desktop/FindNest/FindNest/findnest-backend/vendor/laravel/framework/src/Illuminate/Pipeline/Pipeline.php(209): Illuminate/Foundation/Http/Middleware/InvokeDeferredCallbacks->handle(Object(Illuminate/Http/Request), Object(Closure))
#44 C:/Users/joshu/Desktop/FindNest/FindNest/findnest-backend/vendor/laravel/framework/src/Illuminate/Pipeline/Pipeline.php(127): Illuminate/Pipeline/Pipeline->Illuminate/Pipeline/{closure}(Object(Illuminate/Http/Request))
#45 C:/Users/joshu/Desktop/FindNest/FindNest/findnest-backend/vendor/laravel/framework/src/Illuminate/Foundation/Http/Kernel.php(176): Illuminate/Pipeline/Pipeline->then(Object(Closure))
#46 C:/Users/joshu/Desktop/FindNest/FindNest/findnest-backend/vendor/laravel/framework/src/Illuminate/Foundation/Http/Kernel.php(145): Illuminate/Foundation/Http/Kernel->sendRequestThroughRouter(Object(Illuminate/Http/Request))
#47 C:/Users/joshu/Desktop/FindNest/FindNest/findnest-backend/vendor/laravel/framework/src/Illuminate/Foundation/Application.php(1220): Illuminate/Foundation/Http/Kernel->handle(Object(Illuminate/Http/Request))
#48 C:/Users/joshu/Desktop/FindNest/FindNest/findnest-backend/public/index.php(17): Illuminate/Foundation/Application->handleRequest(Object(Illuminate/Http/Request))
#49 C:/Users/joshu/Desktop/FindNest/FindNest/findnest-backend/vendor/laravel/framework/src/Illuminate/Foundation/resources/server.php(23): require_once('C://Users//joshu//...')
#50 {main}
"} 
[2026-07-21 09:26:17] local.ERROR: Call to undefined method Cloudinary\Cloudinary::upload() {"userId":1,"exception":"[object] (Error(code: 0): Call to undefined method Cloudinary\\Cloudinary::upload() at C:/Users/joshu/Desktop/FindNest/FindNest/findnest-backend/vendor/laravel/framework/src/Illuminate/Support/Facades/Facade.php:361)
[stacktrace]
#0 C:/Users/joshu/Desktop/FindNest/FindNest/findnest-backend/app/Http/Controllers/Api/UploadController.php(22): Illuminate/Support/Facades/Facade::__callStatic('upload', Array)
#1 C:/Users/joshu/Desktop/FindNest/FindNest/findnest-backend/vendor/laravel/framework/src/Illuminate/Routing/ControllerDispatcher.php(47): App/Http/Controllers/Api/UploadController->uploadImage(Object(Illuminate/Http/Request))
#2 C:/Users/joshu/Desktop/FindNest/FindNest/findnest-backend/vendor/laravel/framework/src/Illuminate/Routing/Route.php(266): Illuminate/Routing/ControllerDispatcher->dispatch(Object(Illuminate/Routing/Route), Object(App/Http/Controllers/Api/UploadController), 'uploadImage')
#3 C:/Users/joshu/Desktop/FindNest/FindNest/findnest-backend/vendor/laravel/framework/src/Illuminate/Routing/Route.php(212): Illuminate/Routing/Route->runController()
#4 C:/Users/joshu/Desktop/FindNest/FindNest/findnest-backend/vendor/laravel/framework/src/Illuminate/Routing/Router.php(808): Illuminate/Routing/Route->run()
#5 C:/Users/joshu/Desktop/FindNest/FindNest/findnest-backend/vendor/laravel/framework/src/Illuminate/Pipeline/Pipeline.php(170): Illuminate/Routing/Router->Illuminate/Routing/{closure}(Object(Illuminate/Http/Request))
#6 C:/Users/joshu/Desktop/FindNest/FindNest/findnest-backend/vendor/laravel/framework/src/Illuminate/Routing/Middleware/SubstituteBindings.php(51): Illuminate/Pipeline/Pipeline->Illuminate/Pipeline/{closure}(Object(Illuminate/Http/Request))
#7 C:/Users/joshu/Desktop/FindNest/FindNest/findnest-backend/vendor/laravel/framework/src/Illuminate/Pipeline/Pipeline.php(209): Illuminate/Routing/Middleware/SubstituteBindings->handle(Object(Illuminate/Http/Request), Object(Closure))
#8 C:/Users/joshu/Desktop/FindNest/FindNest/findnest-backend/vendor/laravel/framework/src/Illuminate/Auth/Middleware/Authenticate.php(64): Illuminate/Pipeline/Pipeline->Illuminate/Pipeline/{closure}(Object(Illuminate/Http/Request))
#9 C:/Users/joshu/Desktop/FindNest/FindNest/findnest-backend/vendor/laravel/framework/src/Illuminate/Pipeline/Pipeline.php(209): Illuminate/Auth/Middleware/Authenticate->handle(Object(Illuminate/Http/Request), Object(Closure), 'sanctum')
#10 C:/Users/joshu/Desktop/FindNest/FindNest/findnest-backend/vendor/laravel/framework/src/Illuminate/Pipeline/Pipeline.php(127): Illuminate/Pipeline/Pipeline->Illuminate/Pipeline/{closure}(Object(Illuminate/Http/Request))
#11 C:/Users/joshu/Desktop/FindNest/FindNest/findnest-backend/vendor/laravel/framework/src/Illuminate/Routing/Router.php(807): Illuminate/Pipeline/Pipeline->then(Object(Closure))
#12 C:/Users/joshu/Desktop/FindNest/FindNest/findnest-backend/vendor/laravel/framework/src/Illuminate/Routing/Router.php(786): Illuminate/Routing/Router->runRouteWithinStack(Object(Illuminate/Routing/Route), Object(Illuminate/Http/Request))
#13 C:/Users/joshu/Desktop/FindNest/FindNest/findnest-backend/vendor/laravel/framework/src/Illuminate/Routing/Router.php(750): Illuminate/Routing/Router->runRoute(Object(Illuminate/Http/Request), Object(Illuminate/Routing/Route))
#14 C:/Users/joshu/Desktop/FindNest/FindNest/findnest-backend/vendor/laravel/framework/src/Illuminate/Routing/Router.php(739): Illuminate/Routing/Router->dispatchToRoute(Object(Illuminate/Http/Request))
#15 C:/Users/joshu/Desktop/FindNest/FindNest/findnest-backend/vendor/laravel/framework/src/Illuminate/Foundation/Http/Kernel.php(201): Illuminate/Routing/Router->dispatch(Object(Illuminate/Http/Request))
#16 C:/Users/joshu/Desktop/FindNest/FindNest/findnest-backend/vendor/laravel/framework/src/Illuminate/Pipeline/Pipeline.php(170): Illuminate/Foundation/Http/Kernel->Illuminate/Foundation/Http/{closure}(Object(Illuminate/Http/Request))
#17 C:/Users/joshu/Desktop/FindNest/FindNest/findnest-backend/vendor/laravel/framework/src/Illuminate/Foundation/Http/Middleware/TransformsRequest.php(21): Illuminate/Pipeline/Pipeline->Illuminate/Pipeline/{closure}(Object(Illuminate/Http/Request))
#18 C:/Users/joshu/Desktop/FindNest/FindNest/findnest-backend/vendor/laravel/framework/src/Illuminate/Foundation/Http/Middleware/ConvertEmptyStringsToNull.php(31): Illuminate/Foundation/Http/Middleware/TransformsRequest->handle(Object(Illuminate/Http/Request), Object(Closure))
#19 C:/Users/joshu/Desktop/FindNest/FindNest/findnest-backend/vendor/laravel/framework/src/Illuminate/Pipeline/Pipeline.php(209): Illuminate/Foundation/Http/Middleware/ConvertEmptyStringsToNull->handle(Object(Illuminate/Http/Request), Object(Closure))
#20 C:/Users/joshu/Desktop/FindNest/FindNest/findnest-backend/vendor/laravel/framework/src/Illuminate/Foundation/Http/Middleware/TransformsRequest.php(21): Illuminate/Pipeline/Pipeline->Illuminate/Pipeline/{closure}(Object(Illuminate/Http/Request))
#21 C:/Users/joshu/Desktop/FindNest/FindNest/findnest-backend/vendor/laravel/framework/src/Illuminate/Foundation/Http/Middleware/TrimStrings.php(51): Illuminate/Foundation/Http/Middleware/TransformsRequest->handle(Object(Illuminate/Http/Request), Object(Closure))
#22 C:/Users/joshu/Desktop/FindNest/FindNest/findnest-backend/vendor/laravel/framework/src/Illuminate/Pipeline/Pipeline.php(209): Illuminate/Foundation/Http/Middleware/TrimStrings->handle(Object(Illuminate/Http/Request), Object(Closure))
#23 C:/Users/joshu/Desktop/FindNest/FindNest/findnest-backend/vendor/laravel/framework/src/Illuminate/Http/Middleware/ValidatePostSize.php(27): Illuminate/Pipeline/Pipeline->Illuminate/Pipeline/{closure}(Object(Illuminate/Http/Request))
#24 C:/Users/joshu/Desktop/FindNest/FindNest/findnest-backend/vendor/laravel/framework/src/Illuminate/Pipeline/Pipeline.php(209): Illuminate/Http/Middleware/ValidatePostSize->handle(Object(Illuminate/Http/Request), Object(Closure))
#25 C:/Users/joshu/Desktop/FindNest/FindNest/findnest-backend/vendor/laravel/framework/src/Illuminate/Foundation/Http/Middleware/PreventRequestsDuringMaintenance.php(110): Illuminate/Pipeline/Pipeline->Illuminate/Pipeline/{closure}(Object(Illuminate/Http/Request))
#26 C:/Users/joshu/Desktop/FindNest/FindNest/findnest-backend/vendor/laravel/framework/src/Illuminate/Pipeline/Pipeline.php(209): Illuminate/Foundation/Http/Middleware/PreventRequestsDuringMaintenance->handle(Object(Illuminate/Http/Request), Object(Closure))
#27 C:/Users/joshu/Desktop/FindNest/FindNest/findnest-backend/vendor/laravel/framework/src/Illuminate/Http/Middleware/HandleCors.php(62): Illuminate/Pipeline/Pipeline->Illuminate/Pipeline/{closure}(Object(Illuminate/Http/Request))
#28 C:/Users/joshu/Desktop/FindNest/FindNest/findnest-backend/vendor/laravel/framework/src/Illuminate/Pipeline/Pipeline.php(209): Illuminate/Http/Middleware/HandleCors->handle(Object(Illuminate/Http/Request), Object(Closure))
#29 C:/Users/joshu/Desktop/FindNest/FindNest/findnest-backend/vendor/laravel/framework/src/Illuminate/Http/Middleware/TrustProxies.php(58): Illuminate/Pipeline/Pipeline->Illuminate/Pipeline/{closure}(Object(Illuminate/Http/Request))
#30 C:/Users/joshu/Desktop/FindNest/FindNest/findnest-backend/vendor/laravel/framework/src/Illuminate/Pipeline/Pipeline.php(209): Illuminate/Http/Middleware/TrustProxies->handle(Object(Illuminate/Http/Request), Object(Closure))
#31 C:/Users/joshu/Desktop/FindNest/FindNest/findnest-backend/vendor/laravel/framework/src/Illuminate/Foundation/Http/Middleware/InvokeDeferredCallbacks.php(22): Illuminate/Pipeline/Pipeline->Illuminate/Pipeline/{closure}(Object(Illuminate/Http/Request))
#32 C:/Users/joshu/Desktop/FindNest/FindNest/findnest-backend/vendor/laravel/framework/src/Illuminate/Pipeline/Pipeline.php(209): Illuminate/Foundation/Http/Middleware/InvokeDeferredCallbacks->handle(Object(Illuminate/Http/Request), Object(Closure))
#33 C:/Users/joshu/Desktop/FindNest/FindNest/findnest-backend/vendor/laravel/framework/src/Illuminate/Pipeline/Pipeline.php(127): Illuminate/Pipeline/Pipeline->Illuminate/Pipeline/{closure}(Object(Illuminate/Http/Request))
#34 C:/Users/joshu/Desktop/FindNest/FindNest/findnest-backend/vendor/laravel/framework/src/Illuminate/Foundation/Http/Kernel.php(176): Illuminate/Pipeline/Pipeline->then(Object(Closure))
#35 C:/Users/joshu/Desktop/FindNest/FindNest/findnest-backend/vendor/laravel/framework/src/Illuminate/Foundation/Http/Kernel.php(145): Illuminate/Foundation/Http/Kernel->sendRequestThroughRouter(Object(Illuminate/Http/Request))
#36 C:/Users/joshu/Desktop/FindNest/FindNest/findnest-backend/vendor/laravel/framework/src/Illuminate/Foundation/Application.php(1220): Illuminate/Foundation/Http/Kernel->handle(Object(Illuminate/Http/Request))
#37 C:/Users/joshu/Desktop/FindNest/FindNest/findnest-backend/public/index.php(17): Illuminate/Foundation/Application->handleRequest(Object(Illuminate/Http/Request))
#38 C:/Users/joshu/Desktop/FindNest/FindNest/findnest-backend/vendor/laravel/framework/src/Illuminate/Foundation/resources/server.php(23): require_once('C://Users//joshu//...')
#39 {main}
"} 
[2026-07-21 09:33:09] local.ERROR: cURL error 60: SSL certificate OpenSSL verify result: unable to get local issuer certificate (20) (see https://curl.se/libcurl/c/libcurl-errors.html) for https://api.cloudinary.com/v1_1/n1bfdtyg/image/upload {"userId":1,"exception":"[object] (GuzzleHttp\\Exception\\RequestException(code: 0): cURL error 60: SSL certificate OpenSSL verify result: unable to get local issuer certificate (20) (see https://curl.se/libcurl/c/libcurl-errors.html) for https://api.cloudinary.com/v1_1/n1bfdtyg/image/upload at C:/Users/joshu/Desktop/FindNest/FindNest/findnest-backend/vendor/guzzlehttp/guzzle/src/Handler/CurlFactory.php:1141)
[stacktrace]
#0 C:/Users/joshu/Desktop/FindNest/FindNest/findnest-backend/vendor/guzzlehttp/guzzle/src/Handler/CurlFactory.php(1077): GuzzleHttp/Handler/CurlFactory::createRejection(Object(GuzzleHttp/Handler/EasyHandle), Array)
#1 C:/Users/joshu/Desktop/FindNest/FindNest/findnest-backend/vendor/guzzlehttp/guzzle/src/Handler/CurlFactory.php(1014): GuzzleHttp/Handler/CurlFactory::finishError(Object(GuzzleHttp/Handler/CurlMultiHandler), Object(GuzzleHttp/Handler/EasyHandle), Object(GuzzleHttp/Handler/CurlFactory))
#2 C:/Users/joshu/Desktop/FindNest/FindNest/findnest-backend/vendor/guzzlehttp/guzzle/src/Handler/CurlMultiHandler.php(1348): GuzzleHttp/Handler/CurlFactory::finish(Object(GuzzleHttp/Handler/CurlMultiHandler), Object(GuzzleHttp/Handler/EasyHandle), Object(GuzzleHttp/Handler/CurlFactory))
#3 C:/Users/joshu/Desktop/FindNest/FindNest/findnest-backend/vendor/guzzlehttp/guzzle/src/Handler/CurlMultiHandler.php(979): GuzzleHttp/Handler/CurlMultiHandler->processMessages()
#4 C:/Users/joshu/Desktop/FindNest/FindNest/findnest-backend/vendor/guzzlehttp/guzzle/src/Handler/CurlMultiHandler.php(1098): GuzzleHttp/Handler/CurlMultiHandler->tickFor(1106, Object(stdClass))
#5 C:/Users/joshu/Desktop/FindNest/FindNest/findnest-backend/vendor/guzzlehttp/guzzle/src/Handler/CurlMultiHandler.php(390): GuzzleHttp/Handler/CurlMultiHandler->executeUntil(1106, Object(stdClass))
#6 C:/Users/joshu/Desktop/FindNest/FindNest/findnest-backend/vendor/guzzlehttp/promises/src/Promise.php(251): GuzzleHttp/Handler/CurlMultiHandler->GuzzleHttp/Handler/{closure}(true)
#7 C:/Users/joshu/Desktop/FindNest/FindNest/findnest-backend/vendor/guzzlehttp/promises/src/Promise.php(227): GuzzleHttp/Promise/Promise->invokeWaitFn()
#8 C:/Users/joshu/Desktop/FindNest/FindNest/findnest-backend/vendor/guzzlehttp/promises/src/Promise.php(272): GuzzleHttp/Promise/Promise->waitIfPending()
#9 C:/Users/joshu/Desktop/FindNest/FindNest/findnest-backend/vendor/guzzlehttp/promises/src/Promise.php(229): GuzzleHttp/Promise/Promise->invokeWaitList()
#10 C:/Users/joshu/Desktop/FindNest/FindNest/findnest-backend/vendor/guzzlehttp/promises/src/Promise.php(69): GuzzleHttp/Promise/Promise->waitIfPending()
#11 C:/Users/joshu/Desktop/FindNest/FindNest/findnest-backend/vendor/cloudinary/cloudinary_php/src/Api/Upload/UploadTrait.php(161): GuzzleHttp/Promise/Promise->wait()
#12 C:/Users/joshu/Desktop/FindNest/FindNest/findnest-backend/app/Http/Controllers/Api/UploadController.php(22): Cloudinary/Api/Upload/UploadApi->upload('C://Users//joshu//...', Array)
#13 C:/Users/joshu/Desktop/FindNest/FindNest/findnest-backend/vendor/laravel/framework/src/Illuminate/Routing/ControllerDispatcher.php(47): App/Http/Controllers/Api/UploadController->uploadImage(Object(Illuminate/Http/Request))
#14 C:/Users/joshu/Desktop/FindNest/FindNest/findnest-backend/vendor/laravel/framework/src/Illuminate/Routing/Route.php(266): Illuminate/Routing/ControllerDispatcher->dispatch(Object(Illuminate/Routing/Route), Object(App/Http/Controllers/Api/UploadController), 'uploadImage')
#15 C:/Users/joshu/Desktop/FindNest/FindNest/findnest-backend/vendor/laravel/framework/src/Illuminate/Routing/Route.php(212): Illuminate/Routing/Route->runController()
#16 C:/Users/joshu/Desktop/FindNest/FindNest/findnest-backend/vendor/laravel/framework/src/Illuminate/Routing/Router.php(808): Illuminate/Routing/Route->run()
#17 C:/Users/joshu/Desktop/FindNest/FindNest/findnest-backend/vendor/laravel/framework/src/Illuminate/Pipeline/Pipeline.php(170): Illuminate/Routing/Router->Illuminate/Routing/{closure}(Object(Illuminate/Http/Request))
#18 C:/Users/joshu/Desktop/FindNest/FindNest/findnest-backend/vendor/laravel/framework/src/Illuminate/Routing/Middleware/SubstituteBindings.php(51): Illuminate/Pipeline/Pipeline->Illuminate/Pipeline/{closure}(Object(Illuminate/Http/Request))
#19 C:/Users/joshu/Desktop/FindNest/FindNest/findnest-backend/vendor/laravel/framework/src/Illuminate/Pipeline/Pipeline.php(209): Illuminate/Routing/Middleware/SubstituteBindings->handle(Object(Illuminate/Http/Request), Object(Closure))
#20 C:/Users/joshu/Desktop/FindNest/FindNest/findnest-backend/vendor/laravel/framework/src/Illuminate/Auth/Middleware/Authenticate.php(64): Illuminate/Pipeline/Pipeline->Illuminate/Pipeline/{closure}(Object(Illuminate/Http/Request))
#21 C:/Users/joshu/Desktop/FindNest/FindNest/findnest-backend/vendor/laravel/framework/src/Illuminate/Pipeline/Pipeline.php(209): Illuminate/Auth/Middleware/Authenticate->handle(Object(Illuminate/Http/Request), Object(Closure), 'sanctum')
#22 C:/Users/joshu/Desktop/FindNest/FindNest/findnest-backend/vendor/laravel/framework/src/Illuminate/Pipeline/Pipeline.php(127): Illuminate/Pipeline/Pipeline->Illuminate/Pipeline/{closure}(Object(Illuminate/Http/Request))
#23 C:/Users/joshu/Desktop/FindNest/FindNest/findnest-backend/vendor/laravel/framework/src/Illuminate/Routing/Router.php(807): Illuminate/Pipeline/Pipeline->then(Object(Closure))
#24 C:/Users/joshu/Desktop/FindNest/FindNest/findnest-backend/vendor/laravel/framework/src/Illuminate/Routing/Router.php(786): Illuminate/Routing/Router->runRouteWithinStack(Object(Illuminate/Routing/Route), Object(Illuminate/Http/Request))
#25 C:/Users/joshu/Desktop/FindNest/FindNest/findnest-backend/vendor/laravel/framework/src/Illuminate/Routing/Router.php(750): Illuminate/Routing/Router->runRoute(Object(Illuminate/Http/Request), Object(Illuminate/Routing/Route))
#26 C:/Users/joshu/Desktop/FindNest/FindNest/findnest-backend/vendor/laravel/framework/src/Illuminate/Routing/Router.php(739): Illuminate/Routing/Router->dispatchToRoute(Object(Illuminate/Http/Request))
#27 C:/Users/joshu/Desktop/FindNest/FindNest/findnest-backend/vendor/laravel/framework/src/Illuminate/Foundation/Http/Kernel.php(201): Illuminate/Routing/Router->dispatch(Object(Illuminate/Http/Request))
#28 C:/Users/joshu/Desktop/FindNest/FindNest/findnest-backend/vendor/laravel/framework/src/Illuminate/Pipeline/Pipeline.php(170): Illuminate/Foundation/Http/Kernel->Illuminate/Foundation/Http/{closure}(Object(Illuminate/Http/Request))
#29 C:/Users/joshu/Desktop/FindNest/FindNest/findnest-backend/vendor/laravel/framework/src/Illuminate/Foundation/Http/Middleware/TransformsRequest.php(21): Illuminate/Pipeline/Pipeline->Illuminate/Pipeline/{closure}(Object(Illuminate/Http/Request))
#30 C:/Users/joshu/Desktop/FindNest/FindNest/findnest-backend/vendor/laravel/framework/src/Illuminate/Foundation/Http/Middleware/ConvertEmptyStringsToNull.php(31): Illuminate/Foundation/Http/Middleware/TransformsRequest->handle(Object(Illuminate/Http/Request), Object(Closure))
#31 C:/Users/joshu/Desktop/FindNest/FindNest/findnest-backend/vendor/laravel/framework/src/Illuminate/Pipeline/Pipeline.php(209): Illuminate/Foundation/Http/Middleware/ConvertEmptyStringsToNull->handle(Object(Illuminate/Http/Request), Object(Closure))
#32 C:/Users/joshu/Desktop/FindNest/FindNest/findnest-backend/vendor/laravel/framework/src/Illuminate/Foundation/Http/Middleware/TransformsRequest.php(21): Illuminate/Pipeline/Pipeline->Illuminate/Pipeline/{closure}(Object(Illuminate/Http/Request))
#33 C:/Users/joshu/Desktop/FindNest/FindNest/findnest-backend/vendor/laravel/framework/src/Illuminate/Foundation/Http/Middleware/TrimStrings.php(51): Illuminate/Foundation/Http/Middleware/TransformsRequest->handle(Object(Illuminate/Http/Request), Object(Closure))
#34 C:/Users/joshu/Desktop/FindNest/FindNest/findnest-backend/vendor/laravel/framework/src/Illuminate/Pipeline/Pipeline.php(209): Illuminate/Foundation/Http/Middleware/TrimStrings->handle(Object(Illuminate/Http/Request), Object(Closure))
#35 C:/Users/joshu/Desktop/FindNest/FindNest/findnest-backend/vendor/laravel/framework/src/Illuminate/Http/Middleware/ValidatePostSize.php(27): Illuminate/Pipeline/Pipeline->Illuminate/Pipeline/{closure}(Object(Illuminate/Http/Request))
#36 C:/Users/joshu/Desktop/FindNest/FindNest/findnest-backend/vendor/laravel/framework/src/Illuminate/Pipeline/Pipeline.php(209): Illuminate/Http/Middleware/ValidatePostSize->handle(Object(Illuminate/Http/Request), Object(Closure))
#37 C:/Users/joshu/Desktop/FindNest/FindNest/findnest-backend/vendor/laravel/framework/src/Illuminate/Foundation/Http/Middleware/PreventRequestsDuringMaintenance.php(110): Illuminate/Pipeline/Pipeline->Illuminate/Pipeline/{closure}(Object(Illuminate/Http/Request))
#38 C:/Users/joshu/Desktop/FindNest/FindNest/findnest-backend/vendor/laravel/framework/src/Illuminate/Pipeline/Pipeline.php(209): Illuminate/Foundation/Http/Middleware/PreventRequestsDuringMaintenance->handle(Object(Illuminate/Http/Request), Object(Closure))
#39 C:/Users/joshu/Desktop/FindNest/FindNest/findnest-backend/vendor/laravel/framework/src/Illuminate/Http/Middleware/HandleCors.php(62): Illuminate/Pipeline/Pipeline->Illuminate/Pipeline/{closure}(Object(Illuminate/Http/Request))
#40 C:/Users/joshu/Desktop/FindNest/FindNest/findnest-backend/vendor/laravel/framework/src/Illuminate/Pipeline/Pipeline.php(209): Illuminate/Http/Middleware/HandleCors->handle(Object(Illuminate/Http/Request), Object(Closure))
#41 C:/Users/joshu/Desktop/FindNest/FindNest/findnest-backend/vendor/laravel/framework/src/Illuminate/Http/Middleware/TrustProxies.php(58): Illuminate/Pipeline/Pipeline->Illuminate/Pipeline/{closure}(Object(Illuminate/Http/Request))
#42 C:/Users/joshu/Desktop/FindNest/FindNest/findnest-backend/vendor/laravel/framework/src/Illuminate/Pipeline/Pipeline.php(209): Illuminate/Http/Middleware/TrustProxies->handle(Object(Illuminate/Http/Request), Object(Closure))
#43 C:/Users/joshu/Desktop/FindNest/FindNest/findnest-backend/vendor/laravel/framework/src/Illuminate/Foundation/Http/Middleware/InvokeDeferredCallbacks.php(22): Illuminate/Pipeline/Pipeline->Illuminate/Pipeline/{closure}(Object(Illuminate/Http/Request))
#44 C:/Users/joshu/Desktop/FindNest/FindNest/findnest-backend/vendor/laravel/framework/src/Illuminate/Pipeline/Pipeline.php(209): Illuminate/Foundation/Http/Middleware/InvokeDeferredCallbacks->handle(Object(Illuminate/Http/Request), Object(Closure))
#45 C:/Users/joshu/Desktop/FindNest/FindNest/findnest-backend/vendor/laravel/framework/src/Illuminate/Pipeline/Pipeline.php(127): Illuminate/Pipeline/Pipeline->Illuminate/Pipeline/{closure}(Object(Illuminate/Http/Request))
#46 C:/Users/joshu/Desktop/FindNest/FindNest/findnest-backend/vendor/laravel/framework/src/Illuminate/Foundation/Http/Kernel.php(176): Illuminate/Pipeline/Pipeline->then(Object(Closure))
#47 C:/Users/joshu/Desktop/FindNest/FindNest/findnest-backend/vendor/laravel/framework/src/Illuminate/Foundation/Http/Kernel.php(145): Illuminate/Foundation/Http/Kernel->sendRequestThroughRouter(Object(Illuminate/Http/Request))
#48 C:/Users/joshu/Desktop/FindNest/FindNest/findnest-backend/vendor/laravel/framework/src/Illuminate/Foundation/Application.php(1220): Illuminate/Foundation/Http/Kernel->handle(Object(Illuminate/Http/Request))
#49 C:/Users/joshu/Desktop/FindNest/FindNest/findnest-backend/public/index.php(17): Illuminate/Foundation/Application->handleRequest(Object(Illuminate/Http/Request))
#50 C:/Users/joshu/Desktop/FindNest/FindNest/findnest-backend/vendor/laravel/framework/src/Illuminate/Foundation/resources/server.php(23): require_once('C://Users//joshu//...')
#51 {main}
"} 
[2026-07-22 02:24:44] local.ERROR: Command "make:service" is not defined.

Did you mean one of these?
    make:cache-table
    make:cast
    make:channel
    make:class
    make:command
    make:component
    make:controller
    make:enum
    make:event
    make:exception
    make:factory
    make:interface
    make:job
    make:job-middleware
    make:listener
    make:mail
    make:middleware
    make:migration
    make:model
    make:notification
    make:notifications-table
    make:observer
    make:policy
    make:provider
    make:queue-batches-table
    make:queue-failed-table
    make:queue-table
    make:request
    make:resource
    make:rule
    make:scope
    make:seeder
    make:session-table
    make:test
    make:trait
    make:view {"exception":"[object] (Symfony\\Component\\Console\\Exception\\CommandNotFoundException(code: 0): Command \"make:service\" is not defined.

Did you mean one of these?
    make:cache-table
    make:cast
    make:channel
    make:class
    make:command
    make:component
    make:controller
    make:enum
    make:event
    make:exception
    make:factory
    make:interface
    make:job
    make:job-middleware
    make:listener
    make:mail
    make:middleware
    make:migration
    make:model
    make:notification
    make:notifications-table
    make:observer
    make:policy
    make:provider
    make:queue-batches-table
    make:queue-failed-table
    make:queue-table
    make:request
    make:resource
    make:rule
    make:scope
    make:seeder
    make:session-table
    make:test
    make:trait
    make:view at C:/Users/joshu/Desktop/FindNest/FindNest/findnest-backend/vendor/symfony/console/Application.php:759)
[stacktrace]
#0 C:/Users/joshu/Desktop/FindNest/FindNest/findnest-backend/vendor/symfony/console/Application.php(298): Symfony/Component/Console/Application->find('make:service')
#1 C:/Users/joshu/Desktop/FindNest/FindNest/findnest-backend/vendor/symfony/console/Application.php(195): Symfony/Component/Console/Application->doRun(Object(Symfony/Component/Console/Input/ArgvInput), Object(Symfony/Component/Console/Output/ConsoleOutput))
#2 C:/Users/joshu/Desktop/FindNest/FindNest/findnest-backend/vendor/laravel/framework/src/Illuminate/Foundation/Console/Kernel.php(198): Symfony/Component/Console/Application->run(Object(Symfony/Component/Console/Input/ArgvInput), Object(Symfony/Component/Console/Output/ConsoleOutput))
#3 C:/Users/joshu/Desktop/FindNest/FindNest/findnest-backend/vendor/laravel/framework/src/Illuminate/Foundation/Application.php(1235): Illuminate/Foundation/Console/Kernel->handle(Object(Symfony/Component/Console/Input/ArgvInput), Object(Symfony/Component/Console/Output/ConsoleOutput))
#4 C:/Users/joshu/Desktop/FindNest/FindNest/findnest-backend/artisan(13): Illuminate/Foundation/Application->handleCommand(Object(Symfony/Component/Console/Input/ArgvInput))
#5 {main}
"} 
